ts,td,srcip,srcport,dstip,dstport,proto,pkt,byt
1,0,C1065,389,C3799,N10451,6,10,5323
1,0,C1423,N1136,C1707,N1,6,5,847
1,0,C1423,N1142,C1707,N1,6,5,847
1,0,C14909,N8191,C5720,2049,6,1,52
1,0,C14909,N8192,C5720,2049,6,1,52
1,0,C14909,N8193,C5720,2049,6,1,52
1,0,C1707,N1,C1423,N1136,6,4,414
1,0,C1707,N1,C1423,N1142,6,4,413
1,0,C1707,N1,C925,N10487,6,4,414
1,0,C1707,N1,C925,N10491,6,4,413
1,0,C3587,N44,C528,N17,1,2,120
1,0,C3799,N10451,C1065,389,6,12,3007
1,0,C4879,N2369,C585,139,6,1,46
1,0,C528,N17,C3587,N17,1,2,120
1,0,C5720,2049,C14909,N8191,6,1,52
1,0,C5720,2049,C14909,N8192,6,1,52
1,0,C5720,2049,C14909,N8193,6,1,52
1,0,C8177,N7052,C7632,N77,6,1,48
1,0,C925,N10487,C1707,N1,6,4,810
1,0,C925,N10491,C1707,N1,6,4,810
1,10,C3587,N10510,C528,445,6,17,4369
1,10,C528,445,C3587,N10510,6,15,2418
1,15,C1799,N5523,C1707,N1,6,6,1222
1,6,C1707,N1,C1799,N5523,6,4,2755
1,60,C4254,N24,C5720,445,6,20,2440
1,60,C5720,445,C4254,N24,6,18,1552
1,9,C3090,N10436,C14005,N46,6,3,144
1,9,C3090,N10471,C3420,N46,6,3,144
1,9,C3538,N2600,C3371,N46,6,3,144
2,0,C4316,N10199,C5030,443,6,2,92
2,0,C5030,443,C4316,N10199,6,1,46
2,0,C7954,N10777,C5721,137,17,1,78
2,1,C3173,N48,C1554,N10502,6,3,138
2,10,C172,N10495,C1707,N1,6,6,1223
2,10,C2683,N4699,C1685,N1,6,6,1209
2,11,C500,N7057,C1685,N1,6,9,2901
2,6,C1685,N1,C2683,N4699,6,4,2749
2,6,C1685,N1,C500,N7057,6,6,2980
2,6,C1707,N1,C172,N10495,6,4,2755
2,60,C2588,N20,C770,N895,6,3,138
2,60,C3640,445,C1294,N879,6,3,237
3,0,C11573,111,C5736,N10778,17,1,56
3,0,C5736,N10778,C11573,111,17,1,84
3,0,C8177,N10444,C7632,N77,6,1,48
3,10,C3352,N3262,C1685,N1,6,9,2988
3,10,C54,N10485,C1685,N1,6,6,1223
3,15,C528,445,C1587,N10779,6,9,1653
3,4,C18263,N17,C2270,N17,1,5,420
3,4,C2270,N44,C18263,N17,1,5,420
3,6,C1685,N1,C3352,N3262,6,6,2972
3,6,C1685,N1,C54,N10485,6,4,2752
4,0,C1056,445,C379,N2212,6,1,46
4,0,C1878,N10277,C706,80,6,1,46
4,0,C379,N2212,C1056,445,6,1,52
4,0,C5736,445,C893,N2210,6,1,46
4,0,C893,N2210,C5736,445,6,1,46
4,10,C3666,N10533,C1685,N1,6,6,1213
4,5,C1685,N1,C3666,N10533,6,4,2752
4,60,C4812,N315,C5721,445,6,59,15826
4,60,C5640,445,C23382,N2919,6,2,338
4,9,C5089,N10797,C3371,N46,6,3,152
4,9,C5089,N10798,C24735,N46,6,3,152
4,9,C5089,N10799,C3469,N46,6,3,152
4,9,C5089,N10800,C4847,N46,6,3,152
4,9,C5089,N10809,C4116,N46,6,3,152
4,9,C5089,N10810,C128,N46,6,3,152
4,9,C5089,N2165,C3935,N46,6,3,152
4,9,C5089,N2172,C3971,N46,6,3,152
5,0,C11573,111,C5736,N10801,17,1,56
5,0,C15930,N8249,C2588,N20,6,5,272
5,0,C1707,N1,C1607,N636,6,1,46
5,0,C20101,N10466,C5720,N230,6,6,364
5,0,C20101,N10467,C5720,N230,6,6,428
5,0,C20101,N9039,C5720,111,6,6,380
5,0,C24954,N10447,C10022,N77,6,1,48
5,0,C24954,N10449,C10022,N77,6,1,48
5,0,C2588,N20,C15930,N8249,6,3,168
5,0,C4254,N10802,C457,88,17,1,1386
5,0,C4254,N10805,C457,88,17,1,1400
5,0,C4254,N10806,C612,389,17,1,236
5,0,C4254,N10807,C457,88,17,1,1416
5,0,C4254,N10808,C457,88,17,1,1400
5,0,C457,389,C5611,N10803,17,1,191
5,0,C457,389,C5611,N10804,17,1,117
5,0,C457,88,C4254,N10802,17,1,1346
5,0,C457,88,C4254,N10805,17,1,1374
5,0,C457,88,C4254,N10807,17,1,1404
5,0,C457,88,C4254,N10808,17,1,1374
5,0,C5611,N10803,C457,389,17,1,108
5,0,C5611,N10804,C457,389,17,1,80
5,0,C5720,111,C20101,N9039,6,4,252
5,0,C5720,N230,C20101,N10466,6,4,248
5,0,C5720,N230,C20101,N10467,6,4,248
5,0,C5736,N10801,C11573,111,17,1,84
5,0,C612,389,C4254,N10806,17,1,193
5,1,C2270,N10490,C5721,22,6,20,3324
5,1,C3173,N48,C1554,N10498,6,3,138
5,1,C5721,22,C2270,N10490,6,23,9726
5,11,C1607,N2377,C1707,N1,6,10,3821
5,12,C244,N10541,C457,445,6,13,4217
5,12,C457,445,C244,N10541,6,9,1653
5,13,C4254,N10575,C625,445,6,5756,614529
5,13,C625,445,C4254,N10575,6,5765,662136
5,16,C4254,N3651,C612,135,6,8,859
5,16,C4254,N3861,C612,N197,6,7,871
5,16,C612,135,C4254,N3651,6,6,800
5,16,C612,N197,C4254,N3861,6,5,436
5,22,C4254,N44,C625,N17,1,4,240
5,22,C625,N17,C4254,N17,1,4,240
5,34,C3193,2432,C5721,445,6,4,278
5,34,C5721,445,C3193,2432,6,2,186
5,51,C4550,N10774,C467,N38,6,11,1275
5,51,C467,N38,C4550,N10774,6,9,1572
5,6,C1707,N1,C1607,N2377,6,6,547
6,0,C1065,389,C2475,N10383,6,6,620
6,0,C122,137,C4174,137,17,1,78
6,0,C122,137,C4920,137,17,1,78
6,0,C1357,N10811,C528,389,17,1,193
6,0,C20101,N10507,C5720,111,6,6,380
6,0,C20101,N10508,C5720,2049,6,6,364
6,0,C20101,N10812,C5720,111,17,1,84
6,0,C20101,N10813,C5720,N1505,17,1,68
6,0,C20101,N10814,C5720,N1505,17,1,132
6,0,C20101,N231,C5720,2049,6,12,1476
6,0,C2415,N10321,C706,80,6,1,46
6,0,C2475,N10383,C1065,389,6,7,1875
6,0,C2475,N10514,C586,N901,6,7,1875
6,0,C2957,N29,C366,445,6,1,52
6,0,C366,445,C2957,N29,6,1,46
6,0,C4174,137,C122,137,17,1,84
6,0,C443,N5766,C754,80,6,6,874
6,0,C4920,137,C122,137,17,1,84
6,0,C528,389,C1357,N10811,17,1,195
6,0,C5474,N441,C1841,N28,6,4,654
6,0,C5720,111,C20101,N10507,6,4,252
6,0,C5720,111,C20101,N10812,17,1,56
6,0,C5720,2049,C20101,N10508,6,4,248
6,0,C5720,2049,C20101,N231,6,9,1484
6,0,C5720,N1505,C20101,N10813,17,1,52
6,0,C5720,N1505,C20101,N10814,17,1,100
6,0,C586,N901,C2475,N10514,6,5,574
6,0,C754,80,C443,N5766,6,4,4387
6,15,C1357,N7751,C528,135,6,7,644
6,15,C528,135,C1357,N7751,6,5,504
6,2,C443,N2314,C754,80,6,7,882
6,2,C754,80,C443,N2314,6,4,4387
6,3,C443,N2285,C706,80,6,8,1146
6,3,C706,80,C443,N2285,6,5,4633
6,35,C1357,N10675,C528,N72,6,12,3696
6,35,C528,N72,C1357,N10675,6,10,1780
6,37,C1015,N33,C3668,N488,6,2,92
6,6,C2270,N10535,C5721,22,6,20,3356
6,6,C5721,22,C2270,N10535,6,18,2442
7,0,C1515,N10815,C586,389,17,1,193
7,0,C231,80,C443,N2315,6,5,4633
7,0,C443,N2315,C231,80,6,7,1100
7,0,C586,389,C1515,N10815,17,1,193
7,11,C3211,N2515,C1685,N1,6,6,1223
7,2,C231,80,C443,N2322,6,4,4387
7,2,C443,N2322,C231,80,6,7,882
7,30,C2584,N10630,C467,135,6,7,540
7,30,C2584,N1995,C467,N38,6,7,631
7,30,C3405,N7423,C467,N38,6,7,639
7,30,C3405,N7435,C467,135,6,7,540
7,30,C467,135,C2584,N10630,6,5,520
7,30,C467,135,C3405,N7435,6,5,520
7,30,C467,N38,C2584,N1995,6,6,772
7,30,C467,N38,C3405,N7423,6,5,516
7,52,C194,137,C4174,137,17,8,624
7,52,C194,137,C4920,137,17,8,624
7,52,C4174,137,C194,137,17,8,672
7,52,C4920,137,C194,137,17,8,672
7,59,C2026,2049,C26188,N251,6,49,6466
7,59,C26188,N251,C2026,2049,6,58,8992
7,6,C1685,N1,C3211,N2515,6,4,2753
7,9,C1340,N6942,C787,N36,6,3,144
8,0,C1222,N40,C3812,445,6,1,52
8,0,C1515,N7653,C529,389,17,1,192
8,0,C1515,N8012,C528,389,17,1,192
8,0,C1685,N1,C23396,N1053,6,5,424
8,0,C1707,N1,C23396,N3378,6,4,376
8,0,C23396,N1053,C1685,N1,6,6,430
8,0,C23396,N3378,C1707,N1,6,6,430
8,0,C3616,N44,C586,N17,1,2,120
8,0,C3812,445,C1222,N40,6,1,46
8,0,C4232,N9558,C706,80,6,7,2995
8,0,C528,389,C1515,N8012,17,1,195
8,0,C528,389,C3239,N10829,17,1,195
8,0,C528,88,C3239,N10825,17,1,1402
8,0,C528,88,C3239,N10830,17,1,1372
8,0,C529,389,C1515,N7653,17,1,193
8,0,C529,445,C1467,N10827,6,7,1429
8,0,C586,N17,C3616,N17,1,2,120
8,0,C706,80,C4232,N9558,6,4,511
8,1,C1467,N10827,C529,445,6,10,3963
8,1,C3173,N48,C2758,N1274,6,3,138
8,12,C1515,N620,C586,135,6,7,644
8,12,C3616,N8816,C586,445,6,17,4419
8,12,C586,135,C1515,N620,6,5,504
8,12,C586,445,C3616,N8816,6,14,2372
8,12,C586,445,C3616,N8816,6,15,2418
8,14,C3173,135,C2758,N9778,6,6,716
8,29,C357,N10826,C706,80,6,13,6628
8,29,C706,80,C357,N10826,6,10,4602
8,31,C586,N72,C1515,N10680,6,9,1552
8,32,C1515,N10680,C586,N72,6,11,3123
8,6,C1515,N10552,C586,389,6,20,5926
8,6,C586,389,C1515,N10552,6,23,24670
8,6,C586,389,C1515,N10552,6,25,27368
9,0,C1135,N9942,C529,445,6,1,52
9,0,C1322,N10828,C5030,443,6,6,1647
9,0,C1515,N3672,C528,88,6,5,2670
9,0,C1515,N3695,C528,88,6,6,1664
9,0,C1685,N1,C23396,N3379,6,5,2694
9,0,C23396,N3379,C1685,N1,6,7,1272
9,0,C5030,443,C1322,N10828,6,5,1493
9,0,C528,88,C1515,N3672,6,5,360
9,0,C528,88,C1515,N3695,6,6,1674
9,0,C529,445,C1135,N9942,6,1,46
9,1,C3173,N48,C2758,N1257,6,3,138
9,1,C706,80,C298,N2210,6,4,515
9,10,C2204,N10532,C1685,N1,6,6,1223
9,11,C161,N10553,C1707,N1,6,9,2741
9,11,C22442,N6411,C359,N337,6,19,2789
9,11,C359,N337,C22442,N6411,6,11,1496
9,2,C443,N2317,C706,80,6,7,882
9,2,C443,N610,C754,80,6,7,920
9,2,C706,80,C443,N2317,6,4,4387
9,2,C754,80,C443,N610,6,4,4387
9,3,C1515,N10509,C529,389,6,11,2877
9,3,C529,389,C1515,N10509,6,9,3220
9,44,C1515,N10736,C586,445,6,136,28268
9,44,C586,445,C1515,N10736,6,132,73554
9,44,C586,445,C1515,N10736,6,139,80399
9,5,C1685,N1,C2204,N10532,6,4,2752
9,6,C1707,N1,C161,N10553,6,6,2979
9,60,C5474,N8052,C1841,N28,6,4,392
9,61,C298,N2210,C706,80,6,8,3044
10,0,C1515,N3694,C528,389,6,14,3747
10,0,C528,389,C1515,N3694,6,13,7034
10,1,C231,80,C443,N2290,6,4,4387
10,1,C443,N2290,C231,80,6,7,920
10,14,C247,N6153,C467,445,6,13,4266
10,14,C467,445,C247,N6153,6,9,1654
10,5,C3238,N10831,C706,80,6,14,7786
10,5,C706,80,C3238,N10831,6,10,4587
10,60,C23382,N916,C5736,2049,6,12,1584
10,60,C2695,N141,C5721,445,6,8,728
10,60,C5721,445,C2695,N141,6,4,584
10,60,C5736,2049,C23382,N916,6,6,1152
11,0,C1515,N10515,C529,389,6,12,3558
11,0,C1685,N1,C23396,N3380,6,4,445
11,0,C23396,N3380,C1685,N1,6,6,932
11,0,C443,N2335,C754,80,6,6,836
11,0,C529,389,C1515,N10515,6,10,4035
11,0,C529,389,C1515,N10515,6,11,4287
11,0,C706,80,C132,N3636,6,4,515
11,0,C754,80,C443,N2335,6,4,4387
11,1,C1515,N10511,C529,389,6,10,3121
11,1,C231,80,C443,N10539,6,4,4387
11,1,C443,N10539,C231,80,6,7,882
11,1,C529,389,C1515,N10511,6,9,1901
11,10,C4529,N10540,C1707,N1,6,6,1209
11,2,C443,N10542,C754,80,6,7,920
11,2,C443,N2336,C706,80,6,7,920
11,2,C706,80,C443,N2336,6,4,4387
11,2,C754,80,C443,N10542,6,4,4387
11,23,C1295,N10635,C1685,N1,6,23082,1062269
11,23,C1685,N1,C1295,N10635,6,43461,60405062
11,23,C1685,N1,C1295,N10635,6,43542,60517652
11,5,C1707,N1,C4529,N10540,6,4,2751
11,60,C132,N3636,C706,80,6,8,3005
11,60,C22112,N147,C23640,N147,17,3,282
12,0,C3544,N10851,C706,80,6,7,2950
12,0,C706,80,C3544,N10851,6,4,511
12,1,C231,80,C443,N1135,6,4,4387
12,1,C443,N1135,C231,80,6,7,920
12,10,C1638,N10574,C1707,N1,6,6,1255
12,50,C2270,N10852,C5721,22,6,16,3092
12,50,C5721,22,C2270,N10852,6,15,2246
12,6,C1707,N1,C1638,N10574,6,4,2755
12,60,C13488,N147,C22112,N147,17,3,282
12,60,C22112,N147,C13488,N147,17,3,282
12,60,C22112,N147,C22976,N147,17,3,282
13,0,C443,N10534,C754,80,6,6,836
13,0,C443,N10853,C706,80,6,4,362
13,0,C706,80,C443,N10853,6,2,1497
13,0,C754,80,C443,N10534,6,4,4387
13,1,C231,80,C443,N3590,6,4,4387
13,1,C443,N3590,C231,80,6,7,882
13,38,C1015,N33,C1392,N1436,6,2,92
14,0,C1173,445,C5301,N173,6,1,46
14,0,C3101,N10854,C467,389,17,1,236
14,0,C3101,N10855,C586,88,17,1,1396
14,0,C467,389,C3101,N10854,17,1,193
14,0,C5301,N173,C1173,445,6,1,52
14,0,C586,88,C3101,N10855,17,1,1391
14,0,C7954,N10864,C5721,137,17,1,78
14,10,C1233,N10578,C1685,N1,6,6,1223
14,13,C1065,445,C980,N10615,6,9,1653
14,13,C1515,N10594,C529,135,6,8,1300
14,13,C1515,N1899,C529,N38,6,7,795
14,13,C529,135,C1515,N10594,6,6,788
14,13,C529,N38,C1515,N1899,6,5,664
14,13,C980,N10615,C1065,445,6,13,4233
14,38,C1015,N33,C4854,N1492,6,2,92
14,6,C1685,N1,C1233,N10578,6,4,2752
14,60,C21060,1433,C1376,N174,6,5,248
15,0,C1065,N17,C3662,N17,1,2,120
15,0,C231,80,C443,N3591,6,3,2942
15,0,C25515,N10504,C7632,N77,6,1,48
15,0,C3101,N10856,C586,88,17,1,1396
15,0,C3101,N10857,C586,88,17,1,1396
15,0,C3101,N44,C467,N17,1,2,120
15,0,C3101,N5854,C467,389,6,11,3153
15,0,C3101,N6867,C467,389,6,9,2716
15,0,C3101,N6869,C467,389,6,9,2716
15,0,C3101,N7136,C467,389,6,9,2716
15,0,C3662,N10850,C586,389,17,1,193
15,0,C3662,N10865,C586,88,17,1,1409
15,0,C3662,N10866,C586,88,17,1,1406
15,0,C3662,N44,C1065,N17,1,2,120
15,0,C443,N215,C754,80,6,5,618
15,0,C467,389,C3101,N5854,6,10,4175
15,0,C467,389,C3101,N6867,6,8,1789
15,0,C467,389,C3101,N6869,6,8,1779
15,0,C467,389,C3101,N7136,6,7,1733
15,0,C467,N17,C3101,N17,1,2,120
15,0,C586,389,C3662,N10850,17,1,193
15,0,C586,88,C3101,N10856,17,1,1391
15,0,C586,88,C3101,N10857,17,1,1391
15,0,C586,88,C3662,N10865,17,1,1382
15,0,C754,80,C443,N215,6,3,2942
15,1,C1905,N8304,C706,80,6,7,2972
15,1,C2270,N10536,C5720,443,6,12,1382
15,1,C5720,443,C2270,N10536,6,10,1665
15,1,C706,80,C1905,N8304,6,4,511
15,10,C3101,N10576,C467,135,6,8,859
15,10,C3101,N9992,C467,N38,6,7,871
15,10,C467,135,C3101,N10576,6,6,800
15,10,C467,N38,C3101,N9992,6,5,436
15,11,C3101,N5851,C467,445,6,264,42020
15,11,C467,445,C3101,N5851,6,270,65900
15,12,C1065,445,C1277,N10620,6,9,1653
15,12,C1277,N10620,C1065,445,6,13,4233
15,2,C1065,445,C3662,N5657,6,11,1476
15,2,C3662,N5657,C1065,445,6,12,3821
15,60,C20101,N6818,C25374,N1446,17,4,336
15,60,C25374,N1446,C20101,N6818,17,4,224
15,60,C443,N3591,C231,80,6,6,664
16,0,C2270,N10531,C5720,443,6,12,1383
16,0,C3662,N10867,C586,88,17,1,1410
16,0,C3662,N44,C625,N17,1,2,120
16,0,C4835,N6794,C706,80,6,1,46
16,0,C5720,443,C2270,N10531,6,10,1791
16,0,C586,88,C3662,N10866,17,1,1401
16,0,C586,88,C3662,N10867,17,1,1384
16,0,C625,N17,C3662,N17,1,2,120
16,1,C3662,N5328,C625,445,6,15,4133
16,1,C625,445,C3662,N5328,6,13,2073
16,10,C1167,N32,C1707,N1,6,12,7074
16,10,C3277,N10584,C1707,N1,6,6,1155
16,11,C5215,N10585,C1707,N1,6,9,3005
16,11,C5530,N10572,C1707,N1,6,10,3782
16,2,C528,445,C2775,N10142,6,3,270
16,29,C3101,N10696,C467,N38,6,7,631
16,29,C3101,N10698,C467,135,6,7,540
16,29,C467,135,C3101,N10698,6,5,520
16,29,C467,N38,C3101,N10696,6,5,548
16,38,C1015,N33,C3224,N1494,6,2,92
16,5,C1707,N1,C3277,N10584,6,4,2576
16,6,C1707,N1,C1167,N32,6,7,3026
16,6,C1707,N1,C5215,N10585,6,6,2975
16,6,C1707,N1,C5530,N10572,6,6,2976
17,0,C1707,N1,C676,N4806,6,4,413
17,0,C1707,N1,C676,N4807,6,4,414
17,0,C1823,N162,C2127,445,6,1,52
17,0,C2127,445,C1823,N162,6,1,46
17,0,C3670,N44,C612,N17,1,2,120
17,0,C4343,N5566,C467,445,6,1,46
17,0,C467,445,C4343,N5566,6,1,46
17,0,C612,N17,C3670,N17,1,2,120
17,0,C676,N4806,C1707,N1,6,5,847
17,0,C676,N4807,C1707,N1,6,4,801
17,0,C7954,N10868,C5721,137,17,1,78
17,1,C930,N693,C5721,445,6,2,178
17,12,C3670,N7057,C612,445,6,17,4347
17,12,C612,445,C3670,N7057,6,15,2418
17,15,C2619,N10573,C1707,N1,6,6,1213
17,5,C1707,N1,C2619,N10573,6,4,2755
17,62,C3173,445,C4639,N1997,6,259,27250
18,10,C1354,N10583,C1685,N1,6,6,1222
18,11,C24451,137,C4174,137,17,9,756
18,14,C1508,N5484,C2109,445,6,13,4220
18,5,C1685,N1,C1354,N10583,6,4,2752
19,0,C1344,N5182,C585,445,6,1,52
19,0,C3935,N10393,C706,80,6,1,46
19,1,C3173,N48,C4639,N10581,6,3,138
19,10,C1384,N5787,C1685,N1,6,6,1181
19,12,C3202,N10613,C1707,N1,6,9,2969
19,13,C2109,445,C1508,N5484,6,9,1653
19,13,C3173,135,C4639,N10614,6,6,716
19,31,C4891,N1814,C5721,445,6,5,620
19,38,C1015,N33,C732,N42,6,2,92
19,6,C1685,N1,C1384,N5787,6,4,2752
19,60,C5571,N897,C12166,161,17,4,428
19,69,C195,N60,C5721,445,6,635,129470
19,7,C1707,N1,C3202,N10613,6,6,2975
20,0,C16054,N77,C19924,N10869,6,1,46
20,0,C19924,N10869,C16054,N77,6,1,64
20,0,C4249,N3352,C706,80,6,1,46
20,0,C7954,N10889,C5721,137,17,1,78
20,1,C3173,N48,C4639,N10586,6,3,138
20,1,C5474,N217,C1970,N28,6,2,196
20,1,C706,80,C919,N10879,6,7,4122
20,16,C528,445,C4915,N10894,6,9,2359
20,60,C919,N10879,C706,80,6,9,3630
21,0,C11573,111,C5736,N10890,17,1,56
21,0,C1685,N1,C4915,N9053,6,4,413
21,0,C1685,N1,C4915,N9058,6,4,414
21,0,C2109,389,C4093,N10891,17,1,195
21,0,C4093,N10243,C467,389,6,12,3434
21,0,C4093,N10891,C2109,389,17,1,236
21,0,C467,389,C4093,N10243,6,12,7454
21,0,C4915,N9053,C1685,N1,6,5,856
21,0,C4915,N9058,C1685,N1,6,5,856
21,0,C5736,N10890,C11573,111,17,1,84
21,0,C706,80,C1624,N9508,6,4,511
21,38,C1015,N33,C4773,N34,6,2,92
21,60,C1624,N9508,C706,80,6,8,2998
21,9,C1822,N7187,C3319,N46,6,3,144
21,9,C1822,N7942,C2486,N46,6,3,144
22,0,C25515,N10527,C7632,N77,6,1,48
22,0,C3173,445,C1744,N803,6,1,79
22,0,C936,N10427,C706,80,6,1,46
22,11,C1487,N10364,C1707,N1,6,9,2418
22,56,C4174,137,C194,137,17,8,672
22,6,C1707,N1,C1487,N10364,6,6,2979
22,60,C4369,N1486,C5721,445,6,34,4316
22,60,C5721,445,C4369,N1486,6,32,3568
22,9,C3538,N2705,C4116,N46,6,3,144
23,0,C1065,389,C5713,N10892,17,1,117
23,0,C1707,N1,C3407,N10579,6,4,409
23,0,C1707,N1,C3407,N10580,6,4,410
23,0,C25515,N6454,C7632,N77,6,1,48
23,0,C3407,N10579,C1707,N1,6,5,852
23,0,C3407,N10580,C1707,N1,6,5,852
23,0,C5713,N10892,C1065,389,17,1,80
23,10,C191,N10617,C1707,N1,6,6,1222
23,10,C24451,137,C4920,137,17,6,468
23,11,C3928,N10607,C1685,N1,6,9,2934
23,29,C23679,N44,C11539,N17,1,30,2520
23,30,C5478,443,C443,N10562,6,20,8443
23,34,C4468,N918,C5721,445,6,4,278
23,34,C5721,445,C4468,N918,6,2,186
23,5,C1707,N1,C191,N10617,6,4,2755
23,6,C1685,N1,C3928,N10607,6,6,2972
23,61,C5720,445,C8998,2010,6,3,279
23,61,C5720,445,C8998,N55,6,3,279
23,61,C8998,2010,C5720,445,6,6,417
23,61,C8998,N55,C5720,445,6,6,417
23,9,C1340,N10893,C787,N36,6,3,144
23,9,C3538,2601,C24735,N46,6,3,144
23,9,C3871,N10895,C23147,N342,6,3,144
24,0,C2629,N3140,C706,80,6,1,46
24,0,C706,80,C5211,N10901,6,4,511
24,1,C3173,N48,C1554,N10582,6,2,92
24,12,C1556,N10651,C2109,445,6,13,4240
24,12,C2109,445,C1556,N10651,6,9,1653
24,14,C3173,135,C1554,N10652,6,6,716
24,60,C5211,N10901,C706,80,6,8,2982
25,0,C1229,N10570,C1707,N1,6,5,857
25,0,C1229,N10571,C1707,N1,6,5,857
25,0,C1707,N1,C1229,N10570,6,4,414
25,0,C1707,N1,C1229,N10571,6,4,413
25,0,C2117,N4141,C5721,445,6,8,960
25,0,C706,80,C993,N10900,6,4,515
25,1,C3173,N48,C1538,N1696,6,3,138
25,10,C159,N10634,C1707,N1,6,6,1222
25,10,C3718,N8224,C1707,N1,6,6,1223
25,12,C2767,N10659,C529,445,6,13,4233
25,12,C3173,135,C1538,N10660,6,6,716
25,12,C529,445,C2767,N10659,6,9,1653
25,30,C4254,N5796,C612,135,6,10,978
25,30,C4254,N6002,C612,N197,6,10,1077
25,30,C612,135,C4254,N5796,6,7,1080
25,30,C612,N197,C4254,N6002,6,7,1060
25,6,C1707,N1,C159,N10634,6,4,2755
25,6,C1707,N1,C3718,N8224,6,4,2755
25,60,C993,N10900,C706,80,6,8,3044
25,61,C2086,N1488,C5721,445,6,42,9102
26,0,C1219,N4642,C1685,N1,6,5,856
26,0,C1219,N4774,C1685,N1,6,5,856
26,0,C1685,N1,C1219,N4642,6,4,413
26,0,C1685,N1,C1219,N4774,6,4,414
26,0,C1685,N1,C5225,N10612,6,4,409
26,0,C1685,N1,C5225,N305,6,4,410
26,0,C3173,N48,C1554,N10582,6,1,46
26,0,C3921,N8450,C706,80,6,1,46
26,0,C5225,N10612,C1685,N1,6,5,853
26,0,C5225,N305,C1685,N1,6,5,853
26,1,C3173,N48,C1538,N10611,6,3,138
26,1,C3173,N48,C1554,N10621,6,3,138
26,11,C421,N8133,C1707,N1,6,9,3062
26,12,C1685,N1,C2893,N10681,6,32856,45653426
26,12,C1685,N1,C2893,N10681,6,32912,45731266
26,12,C2893,N10681,C1685,N1,6,17412,801967
26,20,C1581,1433,C368,N8547,6,4,190
26,20,C368,N8547,C1581,1433,6,4,190
26,38,C1015,N33,C459,N156,6,2,92
26,6,C1707,N1,C421,N8133,6,6,2975
26,71,C3173,445,C1185,N363,6,318,33443
27,0,C2109,389,C5661,N9018,6,1,46
27,0,C2320,N10592,C467,139,6,4,216
27,0,C2320,N10903,C467,88,17,1,198
27,0,C2320,N10904,C467,88,17,1,276
27,0,C2320,N10905,C467,88,17,1,1386
27,0,C2320,N10906,C467,88,17,1,1396
27,0,C467,139,C2320,N10592,6,2,112
27,0,C467,88,C2320,N10903,17,1,430
27,0,C467,88,C2320,N10904,17,1,1398
27,0,C467,88,C2320,N10905,17,1,1404
27,0,C467,88,C2320,N10906,17,1,1376
27,0,C528,389,C2016,N10902,17,1,195
27,0,C5661,N9018,C2109,389,6,1,64
27,1,C2320,N10591,C467,445,6,19,5423
27,1,C467,445,C2320,N10591,6,14,2501
27,1,C467,445,C2320,N10591,6,15,2561
27,13,C528,135,C2016,N10656,6,6,792
27,13,C528,N72,C2016,N10661,6,5,664
27,2,C4254,N6144,C625,445,6,22,4713
27,2,C625,445,C4254,N6144,6,25,17206
27,55,C24450,137,C4174,137,17,9,702
27,60,C3774,N303,C22620,161,17,4,428
27,70,C3173,445,C1744,N252,6,407,42791
28,0,C1065,389,C5753,N10931,17,1,191
28,0,C1065,389,C5753,N10933,17,1,117
28,0,C20510,N1583,C7632,N77,6,1,48
28,0,C3611,N10616,C457,389,6,15,5498
28,0,C3611,N10618,C612,389,6,12,4653
28,0,C3611,N10619,C612,389,6,13,5310
28,0,C3611,N10934,C612,389,17,1,192
28,0,C3611,N524,C612,389,6,11,4873
28,0,C457,389,C3611,N10616,6,12,6981
28,0,C4847,N2167,C706,80,6,7,2951
28,0,C528,N17,C3701,N17,1,2,120
28,0,C5753,N10931,C1065,389,17,1,108
28,0,C5753,N10933,C1065,389,17,1,80
28,0,C612,389,C3611,N10618,6,8,3174
28,0,C612,389,C3611,N10619,6,10,4241
28,0,C612,389,C3611,N10934,17,1,193
28,0,C612,389,C3611,N524,6,9,1901
28,0,C706,80,C2798,N5856,6,4,515
28,0,C706,80,C4847,N2167,6,4,511
28,10,C426,N10657,C1707,N1,6,9,3017
28,11,C528,445,C3701,N10653,6,15,2418
28,12,C3611,N10654,C457,445,6,15,7720
28,12,C457,445,C3611,N10654,6,10,2405
28,15,C3611,N10708,C529,N197,6,7,1499
28,15,C3611,N4598,C529,135,6,8,1300
28,15,C529,135,C3611,N4598,6,6,884
28,15,C529,N197,C3611,N10708,6,6,1888
28,35,C467,445,C2320,N332,6,2,1168
28,36,C3611,N10780,C586,445,6,87,22251
28,36,C586,445,C3611,N10780,6,80,19232
28,6,C1707,N1,C426,N10657,6,6,2975
28,60,C2588,N20,C8553,N877,6,4,209
28,60,C2798,N5856,C706,80,6,8,3005
28,9,C1670,N10932,C3371,N46,6,3,144
29,0,C5720,445,C542,N1135,6,1,46
29,1,C706,80,C2385,N10935,6,4,515
29,10,C278,N10033,C1685,N1,6,6,1223
29,5,C1685,N1,C278,N10033,6,4,2752
29,61,C2385,N10935,C706,80,6,8,2995
30,0,C542,N1135,C5720,445,6,1,46
30,60,C2645,N882,C2588,N20,6,3,138
31,0,C20473,N345,C2519,445,6,1,52
31,0,C2519,445,C20473,N345,6,1,46
31,0,C3714,N44,C586,N17,1,2,120
31,0,C586,N17,C3714,N17,1,2,120
31,11,C3714,N10679,C586,445,6,14,3963
31,11,C586,445,C3714,N10679,6,12,2181
31,30,C5721,445,C2997,N137,6,2,186
31,60,C5474,N353,C3088,N28,6,30,3650
32,0,C1973,80,C433,N10608,6,5,448
32,0,C1973,80,C433,N10609,6,5,448
32,0,C1973,80,C433,N10610,6,5,448
32,0,C1973,80,C433,N4439,6,5,448
32,0,C433,N10608,C1973,80,6,7,1703
32,0,C433,N10609,C1973,80,6,7,1703
32,0,C433,N10610,C1973,80,6,7,1694
32,0,C433,N4439,C1973,80,6,7,1694
32,0,C8177,N10589,C7632,N77,6,1,48
32,1,C1707,N1,C4647,N5075,6,4,413
32,1,C4647,N5075,C1707,N1,6,5,856
32,14,C2300,N10695,C585,445,6,20,4597
33,0,C1707,N1,C4647,N5076,6,4,414
33,0,C1973,80,C2989,N10632,6,5,448
33,0,C1973,80,C2989,N10633,6,5,448
33,0,C1973,80,C2989,N2800,6,5,448
33,0,C1973,80,C2989,N5325,6,5,448
33,0,C2989,N10632,C1973,80,6,7,1715
33,0,C2989,N10633,C1973,80,6,7,1715
33,0,C2989,N10956,C467,389,17,1,237
33,0,C2989,N2800,C1973,80,6,7,1706
33,0,C2989,N5325,C1973,80,6,7,1706
33,0,C3001,N10948,C5030,443,6,6,1578
33,0,C3025,N44,C529,N17,1,2,120
33,0,C3605,N7187,C706,80,6,8,3903
33,0,C4647,N5076,C1707,N1,6,5,856
33,0,C467,389,C2989,N10956,17,1,193
33,0,C5030,443,C3001,N10948,6,5,1481
33,0,C529,N17,C3025,N17,1,2,120
33,0,C706,80,C3605,N7187,6,7,4127
33,11,C3025,N10176,C529,445,6,17,4347
33,11,C529,445,C3025,N10176,6,15,2418
33,29,C23679,N44,C13655,N17,1,30,2520
33,29,C23679,N44,C13762,N17,1,30,2520
33,29,C23679,N44,C14563,N17,1,30,2520
33,29,C23679,N44,C16038,N17,1,30,2520
33,29,C23679,N44,C21927,N17,1,30,2520
33,35,C1903,N1128,C5720,445,6,4,278
33,38,C1015,N33,C994,N245,6,2,92
33,61,C1697,139,C1823,N356,6,61,17327
33,61,C1823,N356,C1697,139,6,65,21046
33,61,C5474,N357,C1970,N28,6,4,392
33,72,C3173,445,C2758,N670,6,318,33443
34,0,C1443,N3232,C5721,445,6,2,178
34,0,C1685,N1,C5888,N3410,6,4,372
34,0,C1845,137,C4174,137,17,2,156
34,0,C1845,138,C586,138,17,1,208
34,0,C1845,N10951,C586,389,17,1,194
34,0,C25515,N9347,C7632,N77,6,1,48
34,0,C3407,N10474,C706,80,6,1,46
34,0,C4174,137,C1845,137,17,2,180
34,0,C528,389,C4384,N455,6,10,5293
34,0,C586,389,C1845,N10951,17,1,193
34,0,C5888,N3410,C1685,N1,6,6,430
34,1,C1707,N1,C5888,N1652,6,4,376
34,1,C5888,N1652,C1707,N1,6,6,430
34,11,C3518,N10662,C1685,N1,6,9,2989
34,12,C282,N7949,C467,445,6,13,4238
34,12,C467,445,C282,N7949,6,9,1654
34,13,C1845,N1749,C586,139,6,14,4312
34,13,C1845,N3248,C586,139,6,12,1509
34,13,C1845,N3249,C586,139,6,13,1533
34,13,C586,139,C1845,N1749,6,12,1411
34,13,C586,139,C1845,N3248,6,10,1562
34,13,C586,139,C1845,N3249,6,11,1667
34,6,C1685,N1,C3518,N10662,6,6,2972
34,61,C5474,N1851,C1970,N28,6,32,3750
34,61,C5474,N435,C3088,N28,6,4,392
34,9,C2986,N10946,C3935,N46,6,3,152
34,9,C2986,N10947,C3371,N46,6,3,152
34,9,C2986,N10949,C3469,N46,6,3,152
34,9,C2986,N10950,C4847,N46,6,3,152
34,9,C2986,N10953,C128,N46,6,3,152
34,9,C2986,N10954,C4116,N46,6,3,152
34,9,C2986,N10955,C3971,N46,6,3,152
34,9,C2986,N7615,C24735,N46,6,3,152
35,0,C5883,N10952,C706,80,6,7,3021
35,0,C706,80,C278,N10501,6,4,515
35,0,C706,80,C5883,N10952,6,6,4775
35,11,C3350,N3421,C1685,N1,6,9,2978
35,11,C528,445,C297,N10957,6,9,2359
35,31,C4123,N214,C5720,445,6,3,185
35,6,C1685,N1,C3350,N3421,6,6,2972
35,60,C278,N10501,C706,80,6,8,3001
36,0,C11573,111,C5736,N10973,17,1,56
36,0,C1685,N1,C5888,N10631,6,5,2694
36,0,C1823,N44,C1971,N17,1,1,60
36,0,C1971,N17,C1823,N17,1,1,60
36,0,C24954,N10598,C10022,N77,6,1,48
36,0,C24954,N10599,C7632,N77,6,1,48
36,0,C4207,N442,C457,389,6,8,2164
36,0,C457,389,C4207,N442,6,4,1548
36,0,C5736,N10973,C11573,111,17,1,84
36,1,C5888,N10631,C1685,N1,6,7,1304
36,10,C25760,N5475,C1685,N1,6,6,1223
36,18,C1707,N1,C2321,N2524,6,48481,67377347
36,18,C1707,N1,C2321,N2524,6,48587,67524687
36,18,C2321,N2524,C1707,N1,6,25726,1183549
36,5,C1685,N1,C25760,N5475,6,4,2752
36,60,C2588,N20,C846,N444,6,4,184
36,60,C4299,N443,C5721,445,6,34,4316
36,60,C846,N444,C2588,N20,6,4,184
37,35,C528,445,C2704,N10974,6,83,20954
37,60,C3774,N303,C4384,161,17,4,428
38,0,C11573,111,C5736,N10975,17,1,56
38,0,C4405,N6974,C706,80,6,1,46
38,0,C484,N10979,C5030,443,6,6,1647
38,0,C5030,443,C484,N10979,6,5,1493
38,0,C5463,N3058,C706,80,6,1,46
38,0,C5736,N10975,C11573,111,17,1,84
38,1,C1685,N1,C5888,N10674,6,4,445
38,1,C5888,N10674,C1685,N1,6,6,932
38,10,C4321,N3959,C1685,N1,6,12,7304
38,36,C20510,N2246,C7632,N77,6,10,592
38,36,C20510,N2247,C7632,N77,6,10,592
38,6,C1685,N1,C4321,N3959,6,7,3019
38,9,C3688,N3810,C3371,N46,6,3,144
39,0,C1685,N1,C5888,N10677,6,5,425
39,0,C3741,N10658,C457,88,6,4,494
39,0,C3741,N10976,C457,88,17,1,338
39,0,C3741,N10977,C457,88,17,1,1392
39,0,C3741,N10978,C457,88,17,1,1389
39,0,C3741,N44,C612,N17,1,2,120
39,0,C457,88,C3741,N10658,6,4,1601
39,0,C457,88,C3741,N10976,17,1,124
39,0,C457,88,C3741,N10977,17,1,1396
39,0,C457,88,C3741,N10978,17,1,1391
39,0,C545,445,C1294,N483,6,1,46
39,0,C5888,N10677,C1685,N1,6,7,1796
39,0,C612,N17,C3741,N17,1,2,120
39,10,C3163,N10676,C1685,N1,6,6,1283
39,10,C4578,N2885,C1707,N1,6,9,2968
39,10,C919,N10710,C1685,N1,6,6,1223
39,11,C1300,N10678,C1685,N1,6,9,2787
39,11,C3741,N10753,C612,445,6,17,4389
39,11,C612,445,C3741,N10753,6,15,2418
39,13,C528,445,C3734,N10878,6,9,1653
39,5,C1685,N1,C3163,N10676,6,4,2748
39,5,C1685,N1,C919,N10710,6,4,2753
39,6,C1685,N1,C1300,N10678,6,6,2976
39,6,C1707,N1,C4578,N2885,6,6,2975
39,9,C1340,N3808,C787,N36,6,3,144
40,0,C1823,N478,C1971,445,6,1,52
40,0,C1971,445,C1823,N478,6,1,46
40,0,C706,80,C1607,N1181,6,4,515
40,60,C1607,N1181,C706,80,6,8,3050
41,0,C1707,N1,C4679,N6788,6,4,409
41,0,C1707,N1,C4679,N6789,6,4,410
41,0,C4251,N7289,C706,80,6,1,46
41,0,C4679,N6788,C1707,N1,6,5,843
41,0,C4679,N6789,C1707,N1,6,5,843
41,10,C1142,N10735,C1707,N1,6,9,2894
41,10,C1363,N10714,C1707,N1,6,6,1223
41,15,C528,445,C2485,N10995,6,9,1653
41,34,C5151,N144,C5721,445,6,4,278
41,34,C5721,445,C5151,N144,6,2,186
41,6,C1707,N1,C1142,N10735,6,6,2979
41,6,C1707,N1,C1363,N10714,6,4,2755
41,60,C15930,N881,C2588,N20,6,4,211
41,66,C20101,N460,C5698,2049,6,5474,938428
41,66,C5698,2049,C20101,N460,6,5445,915272
42,0,C5736,2049,C23684,N7162,6,1,46
42,10,C1220,N159,C480,N160,6,12,836
42,10,C480,N160,C1220,N159,6,8,4687
42,10,C595,N10700,C1685,N1,6,6,1223
42,5,C1685,N1,C595,N10700,6,4,2752
42,60,C22112,N147,C22976,N147,17,3,282
42,60,C22976,N147,C22112,N147,17,3,282
42,60,C2588,N20,C415,N1949,6,3,138
42,70,C11573,N250,C5736,2049,6,309,84972
42,71,C3173,445,C1332,N1152,6,313,32929
42,9,C113,N10994,C7503,N46,6,3,152
43,0,C20473,N553,C2519,445,6,1,52
43,0,C2519,445,C20473,N553,6,1,46
43,0,C3753,N44,C612,N17,1,2,120
43,0,C612,N17,C3753,N17,1,2,120
43,11,C3753,N1826,C612,445,6,17,4483
43,11,C612,445,C3753,N1826,6,15,2418
43,29,C23679,N44,C14615,N17,1,30,2520
43,38,C1015,N33,C297,N354,6,2,92
43,5,C1685,N1,C689,N10713,6,4,2752
43,54,C2372,N1127,C5721,445,6,54,17377
43,54,C5721,445,C2372,N1127,6,52,10995
43,6,C689,N10713,C1685,N1,6,6,1213
44,0,C1056,445,C5301,N551,6,1,46
44,0,C2957,N552,C366,445,6,1,52
44,0,C366,445,C2957,N552,6,1,46
44,0,C5301,N551,C1056,445,6,1,52
44,0,C586,123,C5913,123,17,1,96
44,0,C5913,123,C586,123,17,1,96
44,0,C706,80,C3309,N10998,6,4,515
44,10,C480,N160,C721,N213,6,8,4687
44,10,C721,N213,C480,N160,6,12,836
44,14,C528,445,C2657,N11013,6,9,1653
44,4,C480,N414,C961,N629,6,5,237
44,4,C961,N629,C480,N414,6,8,437
44,54,C24449,137,C4920,137,17,6,468
44,60,C3309,N10998,C706,80,6,8,3004
44,9,C1670,N6341,C4116,N46,6,3,144
45,0,C2301,N3898,C5030,443,6,2,92
45,0,C2584,N10267,C528,88,17,1,1396
45,0,C2584,N11018,C528,88,17,1,1396
45,0,C2584,N11019,C528,88,17,1,1396
45,0,C2584,N11021,C612,389,17,1,193
45,0,C2584,N44,C529,N17,1,2,120
45,0,C2584,N44,C612,N17,1,3,166
45,0,C3299,N44,C467,N17,1,2,120
45,0,C3756,N44,C625,N17,1,2,120
45,0,C467,N17,C3299,N17,1,2,120
45,0,C5030,443,C2301,N3898,6,1,46
45,0,C528,88,C2584,N10267,17,1,1391
45,0,C528,88,C2584,N11018,17,1,1391
45,0,C528,88,C2584,N11019,17,1,1391
45,0,C529,N17,C2584,N17,1,2,120
45,0,C612,389,C2584,N11021,17,1,193
45,0,C612,N17,C2584,N17,1,3,166
45,0,C625,N17,C3756,N17,1,2,120
45,1,C2584,N10729,C612,389,6,9,2190
45,1,C2584,N4169,C586,389,6,12,3193
45,1,C2584,N777,C612,389,6,22,6040
45,1,C586,389,C2584,N4169,6,10,2831
45,1,C586,389,C2584,N4169,6,11,4221
45,1,C612,389,C2584,N10729,6,7,846
45,1,C612,389,C2584,N777,6,25,24226
45,1,C612,389,C2584,N777,6,29,29786
45,10,C164,N8283,C1707,N1,6,6,1213
45,10,C360,N496,C1685,N1,6,6,1223
45,10,C3756,N3108,C625,445,6,17,4349
45,10,C379,N6982,C1707,N1,6,6,1222
45,10,C625,445,C3756,N3108,6,15,2418
45,11,C3299,N10746,C467,445,6,13,3869
45,11,C3942,N36,C1707,N1,6,9,2972
45,11,C467,445,C3299,N10746,6,12,2181
45,12,C2584,N10076,C612,445,6,13,3881
45,12,C612,445,C2584,N10076,6,11,2182
45,14,C453,N10767,C586,445,6,13,4213
45,14,C586,445,C453,N10767,6,9,1653
45,22,C2584,N10822,C612,135,6,7,540
45,22,C2584,N4300,C467,135,6,8,859
45,22,C2584,N9111,C467,N38,6,7,871
45,22,C467,135,C2584,N4300,6,6,800
45,22,C467,N38,C2584,N9111,6,5,436
45,22,C612,135,C2584,N10822,6,5,432
45,23,C2584,N10077,C529,445,6,5592,592217
45,23,C529,445,C2584,N10077,6,5543,613724
45,23,C529,445,C2584,N10077,6,5594,620418
45,30,C2584,N3164,C612,N72,6,13,4118
45,30,C612,N72,C2584,N3164,6,10,1596
45,6,C1685,N1,C360,N496,6,4,2752
45,6,C1707,N1,C164,N8283,6,4,2755
45,6,C1707,N1,C379,N6982,6,4,2755
45,6,C1707,N1,C3942,N36,6,6,2975
46,0,C1707,N1,C4135,N9969,6,5,2816
46,0,C1707,N1,C442,N7996,6,4,413
46,0,C1707,N1,C442,N9141,6,4,414
46,0,C1823,N44,C2225,N17,1,1,60
46,0,C2225,N17,C1823,N17,1,1,60
46,0,C2584,N10734,C586,389,6,10,2756
46,0,C2584,N3958,C586,389,6,10,2756
46,0,C2584,N3959,C586,389,6,10,2756
46,0,C4135,N9969,C1707,N1,6,6,1218
46,0,C442,N7996,C1707,N1,6,5,856
46,0,C442,N9141,C1707,N1,6,5,856
46,0,C453,138,C586,138,17,1,206
46,0,C586,389,C2584,N10734,6,9,1825
46,0,C586,389,C2584,N3958,6,8,1779
46,0,C586,389,C2584,N3958,6,9,1825
46,0,C586,389,C2584,N3959,6,8,1605
46,0,C586,389,C2584,N3959,6,9,1835
46,0,C612,389,C719,N11014,17,1,193
46,0,C612,389,C719,N11016,17,1,193
46,0,C612,88,C719,N10709,6,5,359
46,0,C612,88,C719,N10711,6,6,1670
46,0,C612,88,C719,N1733,6,6,1722
46,0,C612,88,C719,N7705,6,5,1744
46,0,C612,88,C719,N7708,6,4,444
46,0,C719,N10709,C612,88,6,5,2659
46,0,C719,N10711,C612,88,6,6,1656
46,0,C719,N11014,C612,389,17,1,192
46,0,C719,N11016,C612,389,17,1,191
46,0,C719,N1733,C612,88,6,6,1765
46,0,C719,N7705,C612,88,6,5,543
46,0,C719,N7708,C612,88,6,4,417
46,10,C1905,N3336,C1685,N1,6,6,1219
46,2,C4174,137,C453,137,17,2,180
46,2,C453,137,C4174,137,17,2,156
46,38,C1015,N33,C486,N452,6,2,92
46,6,C1685,N1,C1905,N3336,6,4,2748
46,60,C1156,N892,C2588,N20,6,3,138
46,60,C1581,1433,C368,N11015,6,9,1015
46,60,C2588,N20,C1156,N892,6,3,138
46,60,C368,N11015,C1581,1433,6,11,1112
47,0,C1173,445,C1220,N576,6,1,46
47,0,C1220,N576,C1173,445,6,1,52
47,0,C1707,N1,C4135,N10712,6,5,383
47,0,C2128,N10643,C457,N197,6,2,92
47,0,C2128,N4362,C457,135,6,2,92
47,0,C3774,N11017,C529,88,17,1,1387
47,0,C3774,N44,C467,N17,1,2,120
47,0,C4135,N10712,C1707,N1,6,6,1868
47,0,C457,135,C2128,N4362,6,2,92
47,0,C457,445,C5778,N9376,6,1,46
47,0,C457,N197,C2128,N10643,6,2,92
47,0,C467,N17,C3774,N17,1,2,120
47,0,C4864,N898,C5030,443,6,6,1578
47,0,C5030,443,C4864,N898,6,5,1481
47,0,C529,88,C3774,N11017,17,1,1389
47,12,C3774,N4605,C467,445,6,17,4373
47,12,C467,445,C3774,N4605,6,15,2418
47,3,C24568,137,C4920,137,17,3,288
47,59,C2588,N20,C1193,N893,6,3,138
47,60,C2588,N20,C257,N1996,6,3,138
47,60,C2855,N696,C12484,161,17,4,428
48,0,C1685,N1,C20093,N10705,6,4,372
48,0,C1685,N1,C20093,N10706,6,4,372
48,0,C1685,N1,C20093,N10707,6,4,372
48,0,C1685,N1,C3935,N10697,6,4,410
48,0,C1685,N1,C3935,N10699,6,4,409
48,0,C1707,N1,C20093,N10702,6,4,376
48,0,C1707,N1,C20093,N10703,6,4,376
48,0,C1707,N1,C20093,N10704,6,4,376
48,0,C1973,80,C4110,N10701,6,5,448
48,0,C1973,80,C4110,N5727,6,5,448
48,0,C1973,80,C4110,N7487,6,5,448
48,0,C1973,80,C4110,N7490,6,5,448
48,0,C20093,N10702,C1707,N1,6,6,430
48,0,C20093,N10703,C1707,N1,6,6,420
48,0,C20093,N10704,C1707,N1,6,6,429
48,0,C20093,N10705,C1685,N1,6,6,430
48,0,C20093,N10706,C1685,N1,6,6,420
48,0,C20093,N10707,C1685,N1,6,6,429
48,0,C2188,N11035,C529,389,17,1,108
48,0,C2188,N11043,C529,389,17,1,80
48,0,C3935,N10697,C1685,N1,6,5,852
48,0,C3935,N10699,C1685,N1,6,5,852
48,0,C4110,N10701,C1973,80,6,7,1695
48,0,C4110,N5727,C1973,80,6,7,1695
48,0,C4110,N7487,C1973,80,6,7,1686
48,0,C4110,N7490,C1973,80,6,7,1686
48,0,C453,N10730,C529,88,6,4,420
48,0,C453,N10731,C529,88,6,5,546
48,0,C453,N10732,C529,88,6,6,1632
48,0,C453,N11020,C586,389,17,1,192
48,0,C457,389,C5760,N11036,17,1,117
48,0,C457,389,C5760,N11038,17,1,191
48,0,C529,389,C2188,N11035,17,1,191
48,0,C529,389,C2188,N11043,17,1,117
48,0,C529,88,C453,N10730,6,4,498
48,0,C529,88,C453,N10731,6,5,1720
48,0,C529,88,C453,N10732,6,6,1644
48,0,C5760,N11036,C457,389,17,1,80
48,0,C5760,N11038,C457,389,17,1,108
48,0,C5778,N9376,C457,445,6,1,52
48,0,C586,389,C453,N11020,17,1,193
48,11,C453,N10368,C586,139,6,13,1529
48,11,C453,N10768,C586,139,6,12,1505
48,11,C453,N10769,C586,139,6,14,4275
48,11,C586,139,C453,N10368,6,11,1667
48,11,C586,139,C453,N10768,6,10,1562
48,11,C586,139,C453,N10769,6,11,1294
48,11,C586,139,C453,N10769,6,12,1411
49,0,C1173,445,C721,N574,6,1,46
49,0,C1685,N1,C18057,N6560,6,4,372
49,0,C1685,N1,C18057,N6684,6,4,372
49,0,C1685,N1,C18057,N6925,6,4,372
49,0,C1685,N1,C689,N10713,6,1,46
49,0,C1685,N1,C689,N10747,6,4,414
49,0,C1685,N1,C689,N10755,6,4,413
49,0,C1707,N1,C18057,N1663,6,4,376
49,0,C1707,N1,C18057,N6689,6,4,376
49,0,C1707,N1,C18057,N6706,6,4,376
49,0,C18057,N1663,C1707,N1,6,6,430
49,0,C18057,N6560,C1685,N1,6,6,430
49,0,C18057,N6684,C1685,N1,6,6,429
49,0,C18057,N6689,C1707,N1,6,6,429
49,0,C18057,N6706,C1707,N1,6,6,420
49,0,C18057,N6925,C1685,N1,6,6,420
49,0,C2557,N10744,C612,88,6,5,2622
49,0,C2557,N10745,C612,88,6,4,1554
49,0,C2557,N11037,C612,389,17,1,192
49,0,C612,389,C2557,N11037,17,1,193
49,0,C612,88,C2557,N10744,6,5,360
49,0,C612,88,C2557,N10745,6,4,1564
49,0,C689,N10747,C1685,N1,6,5,847
49,0,C689,N10755,C1685,N1,6,5,847
49,0,C706,80,C262,N11039,6,4,515
49,0,C721,N574,C1173,445,6,1,52
49,10,C255,N10750,C1685,N1,6,6,1222
49,14,C2557,N10794,C612,445,6,13,4257
49,14,C612,445,C2557,N10794,6,9,2359
49,38,C2557,N592,C625,445,6,144,29321
49,38,C625,445,C2557,N592,6,154,82260
49,5,C1685,N1,C255,N10750,6,4,2752
49,54,C24449,137,C4174,137,17,6,468
49,55,C24450,137,C4920,137,17,9,702
49,60,C262,N11039,C706,80,6,8,3014
49,60,C4174,137,C890,137,17,5,420
49,60,C4920,137,C890,137,17,5,420
49,60,C890,137,C4174,137,17,5,390
49,60,C890,137,C4920,137,17,5,390
49,9,C3871,N2357,C23147,N342,6,3,144
50,0,C1685,N1,C18057,N6694,6,5,2694
50,0,C1685,N1,C20093,N9639,6,5,2694
50,0,C18057,N6694,C1685,N1,6,7,1198
50,0,C1823,N813,C2225,445,6,1,52
50,0,C20093,N9639,C1685,N1,6,7,1262
50,0,C2109,N17,C3802,N17,1,2,120
50,0,C2225,445,C1823,N813,6,1,46
50,0,C2557,N10748,C467,389,6,13,3676
50,0,C3802,N11040,C467,88,17,1,1396
50,0,C3802,N44,C2109,N17,1,2,120
50,0,C467,389,C2557,N10748,6,13,7027
50,0,C467,88,C3802,N11040,17,1,1391
50,10,C4081,N4797,C1685,N1,6,6,1218
50,14,C2557,N10783,C467,N38,6,7,795
50,14,C2557,N10784,C467,135,6,8,1300
50,14,C467,135,C2557,N10784,6,6,884
50,14,C467,N38,C2557,N10783,6,5,664
50,14,C528,445,C792,N11041,6,9,1653
50,34,C3471,N237,C5721,445,6,4,278
50,35,C23773,N31,C5721,445,6,4,372
50,35,C5721,445,C23773,N31,6,2,380
50,6,C1685,N1,C4081,N4797,6,4,2748
50,60,C395,1433,C5756,N1490,6,3,138
50,60,C5756,N1490,C395,1433,6,3,192
50,7,C2109,445,C3802,N6576,6,16,2464
50,7,C3802,N6576,C2109,445,6,17,4349
50,71,C3173,445,C1538,N1150,6,318,33443
51,0,C1685,N1,C20093,N10752,6,4,445
51,0,C20093,N10752,C1685,N1,6,6,922
51,0,C354,N11044,C528,389,17,1,193
51,0,C528,389,C354,N11044,17,1,195
51,0,C706,80,C3312,N11042,6,4,515
51,15,C354,N10821,C528,135,6,7,644
51,15,C528,135,C354,N10821,6,5,504
51,35,C354,N6408,C528,N72,6,11,3100
51,35,C528,N72,C354,N6408,6,9,1552
51,60,C3312,N11042,C706,80,6,8,3008
52,0,C1685,N1,C18057,N6804,6,4,445
52,0,C18057,N6804,C1685,N1,6,6,922
52,0,C3031,137,C4174,137,17,1,78
52,0,C354,N10733,C529,389,6,11,2853
52,0,C354,N10737,C529,389,6,10,3097
52,0,C354,N10738,C528,88,6,6,1640
52,0,C354,N11045,C529,389,17,1,192
52,0,C354,N11046,C528,389,17,1,192
52,0,C354,N8420,C612,389,6,14,3722
52,0,C354,N8422,C529,389,6,12,3534
52,0,C354,N9080,C528,88,6,5,2622
52,0,C3806,N44,C529,N17,1,2,120
52,0,C4174,137,C3031,137,17,1,90
52,0,C5186,N2062,C586,445,6,1,46
52,0,C528,389,C354,N11046,17,1,195
52,0,C528,88,C354,N10738,6,6,1650
52,0,C528,88,C354,N9080,6,5,360
52,0,C529,389,C354,N10733,6,7,1784
52,0,C529,389,C354,N10733,6,8,3174
52,0,C529,389,C354,N10737,6,9,1901
52,0,C529,389,C354,N11045,17,1,193
52,0,C529,389,C354,N8422,6,11,4287
52,0,C529,N17,C3806,N17,1,2,120
52,0,C586,445,C5186,N2062,6,1,46
52,0,C612,389,C354,N8420,6,13,7027
52,1,C354,N6462,C528,389,6,19,5859
52,1,C528,389,C354,N6462,6,25,27023
52,12,C3806,N10782,C529,445,6,17,4347
52,12,C529,445,C3806,N10782,6,15,2418
52,14,C354,N10824,C586,445,6,13,4257
52,14,C354,N7899,C528,445,6,13,4244
52,14,C528,445,C354,N7899,6,9,1905
52,14,C586,445,C354,N10824,6,8,1331
52,14,C586,445,C354,N10824,6,9,2359
52,38,C1065,445,C354,N10945,6,138,69082
52,38,C1065,445,C354,N10945,6,149,80722
52,38,C354,N10945,C1065,445,6,140,27912
53,0,C1700,N11070,C612,389,17,1,233
53,0,C1707,N1,C5583,N1646,6,3,2709
53,0,C5583,N1646,C1707,N1,6,5,1176
53,0,C612,135,C1700,N6743,6,3,452
53,0,C612,389,C1700,N11070,17,1,193
53,0,C612,N197,C1700,N11072,6,3,1248
53,1,C1700,N11072,C612,N197,6,5,1153
53,1,C1700,N6743,C612,135,6,5,492
53,1,C3173,N48,C1332,N6661,6,3,138
53,1,C706,80,C1867,N11071,6,6,625
53,10,C5583,N700,C1707,N1,6,10,6221
53,13,C354,N10816,C529,N38,6,7,795
53,13,C354,N9081,C529,135,6,8,1300
53,13,C529,135,C354,N9081,6,6,788
53,13,C529,N38,C354,N10816,6,5,664
53,14,C3173,135,C1332,N10842,6,6,716
53,5,C1707,N1,C5583,N700,6,5,369
53,60,C314,N170,C5721,445,6,44,5009
53,61,C1867,N11071,C706,80,6,9,3897
54,0,C1065,N17,C3799,N17,1,2,120
54,0,C11573,111,C5736,N11073,17,1,56
54,0,C1823,N44,C3544,N17,1,1,60
54,0,C2533,N10569,C706,80,6,1,46
54,0,C3544,N17,C1823,N17,1,1,60
54,0,C3799,N44,C1065,N17,1,2,120
54,0,C5474,N1573,C3088,N28,6,4,654
54,0,C5736,N11073,C11573,111,17,1,84
54,0,C706,80,C1054,N11068,6,4,515
54,1,C3173,N48,C1332,N10754,6,3,138
54,10,C1321,N10787,C1707,N1,6,6,1222
54,11,C1065,445,C3799,N10844,6,15,2418
54,11,C3799,N10844,C1065,445,6,16,4307
54,34,C3558,N889,C5721,445,6,4,278
54,34,C5721,445,C3558,N889,6,2,186
54,5,C1707,N1,C1321,N10787,6,4,2755
54,60,C1054,N11068,C706,80,6,8,3008
54,61,C5478,443,C443,N5651,6,43,16974
55,0,C2109,389,C5661,N11074,17,1,117
55,0,C2464,N10605,C706,80,6,1,46
55,0,C5661,N11074,C2109,389,17,1,80
55,0,C706,80,C2945,N11069,6,4,515
55,1,C3173,N48,C1185,N10751,6,3,138
55,13,C3173,135,C1185,N10847,6,6,716
55,15,C1427,N10848,C625,445,6,13,4220
55,15,C1707,N1,C3841,N4045,6,35149,52719316
55,15,C2056,N3316,C1707,N1,6,6,1222
55,15,C3841,N4045,C1707,N1,6,18796,864765
55,15,C625,445,C1427,N10848,6,9,1653
55,38,C1015,N33,C2657,N559,6,2,92
55,5,C1707,N1,C2056,N3316,6,4,2755
55,60,C25536,N886,C2588,N20,6,3,138
55,60,C2945,N11069,C706,80,6,8,2982
55,9,C1340,N4718,C787,N36,6,3,144
56,0,C1065,445,C1508,N5712,6,1,46
56,0,C1508,N5712,C1065,445,6,1,52
56,0,C24954,N10721,C7632,N77,6,1,48
56,0,C3952,N11096,C625,389,17,1,80
56,0,C3952,N11098,C625,88,17,1,273
56,0,C528,139,C5720,N820,6,1,46
56,0,C5637,N11097,C612,389,17,1,108
56,0,C5637,N11099,C612,389,17,1,80
56,0,C612,389,C5637,N11097,17,1,191
56,0,C612,389,C5637,N11099,17,1,117
56,0,C625,389,C3952,N11096,17,1,117
56,0,C625,88,C3952,N11098,17,1,1400
56,1,C3173,N48,C1185,N1131,6,3,138
56,10,C2236,N10294,C1685,N1,6,6,1213
56,5,C1685,N1,C2236,N10294,6,4,2760
56,66,C5698,2049,C20101,N460,6,5859,984832
56,9,C1670,N11095,C24735,N46,6,3,144
56,9,C3688,N5341,C4116,N46,6,3,144
57,0,C1082,N807,C2651,445,6,1,52
57,0,C1226,N10749,C467,88,6,6,1793
57,0,C24954,N10719,C7632,N77,6,1,48
57,0,C2651,445,C1082,N807,6,1,46
57,0,C2836,N4167,C706,80,6,1,46
57,0,C467,88,C1226,N10749,6,6,1792
57,0,C5139,N11100,C706,80,6,7,2949
57,0,C5474,N824,C1841,N28,6,2,196
57,0,C706,80,C5139,N11100,6,4,511
57,10,C3808,N10840,C467,445,6,17,4347
57,10,C467,445,C3808,N10840,6,15,2418
57,11,C1506,N10820,C467,445,6,13,4213
57,11,C467,445,C1506,N10820,6,9,1653
57,16,C1226,N10839,C529,445,6,13,4248
57,16,C529,445,C1226,N10839,6,9,1653
57,55,C3808,N44,C467,N17,1,5,286
57,55,C467,N17,C3808,N17,1,5,286
57,60,C5900,3306,C18057,N826,6,2,140
57,62,C5478,443,C25760,N10396,6,40,14437
58,0,C366,445,C868,N878,6,1,46
58,0,C4180,445,C505,N891,6,1,46
58,0,C5030,443,C645,N2401,6,1,46
58,0,C528,389,C5061,N4348,6,9,4133
58,0,C528,389,C5061,N4403,6,8,1779
58,0,C528,389,C5061,N4405,6,8,1779
58,0,C528,N17,C5061,N17,1,2,120
58,0,C645,N2401,C5030,443,6,2,92
58,0,C868,N878,C366,445,6,1,52
58,11,C433,N9139,C1707,N1,6,9,3608
58,11,C528,445,C5061,N3883,6,451,121164
58,5,C5478,443,C25760,N10390,6,5,803
58,6,C1707,N1,C433,N9139,6,6,2976
59,0,C1056,445,C721,N884,6,1,46
59,0,C1707,N1,C2759,N1808,6,4,413
59,0,C1707,N1,C2759,N3697,6,4,414
59,0,C1707,N1,C5585,N10795,6,3,2709
59,0,C2759,N1808,C1707,N1,6,5,857
59,0,C2759,N3697,C1707,N1,6,5,857
59,0,C721,N884,C1056,445,6,1,52
59,1,C5585,N10795,C1707,N1,6,5,1176
59,15,C1453,N10860,C528,135,6,7,644
59,15,C528,135,C1453,N10860,6,5,504
59,25,C5478,443,C443,N10743,6,17,6979
59,35,C1453,N10982,C528,N72,6,11,3134
59,35,C528,N72,C1453,N10982,6,9,1616
59,60,C1021,N1593,C2588,N20,6,3,138
59,60,C1193,N893,C2588,N20,6,3,138
59,60,C1392,N1953,C2588,N20,6,3,138
59,60,C15930,N19,C2588,N20,6,3,157
59,60,C17644,N1997,C2588,N20,6,3,138
59,60,C257,N1996,C2588,N20,6,3,138
59,60,C2588,N20,C1021,N1593,6,3,138
59,60,C2588,N20,C1336,N355,6,3,138
59,60,C2588,N20,C1392,N1953,6,3,138
59,60,C2588,N20,C1526,N2141,6,3,138
59,60,C2588,N20,C15930,N881,6,4,210
59,60,C2588,N20,C17644,N1997,6,3,138
59,60,C2588,N20,C2934,N2001,6,3,138
59,60,C2588,N20,C4915,N1157,6,3,138
59,60,C2934,N2001,C2588,N20,6,3,138
59,60,C415,N1949,C2588,N20,6,3,138
59,65,C22069,N485,C5736,2049,6,313,60616
59,9,C3688,N6233,C24735,N46,6,3,144
60,0,C1082,N885,C585,445,6,1,52
60,0,C1295,138,C586,138,17,1,207
60,0,C1453,N10770,C467,389,6,9,2450
60,0,C1453,N10772,C529,389,6,12,3319
60,0,C1453,N10773,C467,389,6,10,3131
60,0,C1453,N10775,C467,389,6,10,3131
60,0,C1453,N11102,C529,389,17,1,237
60,0,C1453,N2189,C528,88,6,6,1675
60,0,C1453,N8907,C528,88,6,5,2691
60,0,C1973,80,C5638,N10766,6,5,452
60,0,C1973,80,C5638,N10771,6,5,452
60,0,C1973,80,C5638,N7094,6,5,452
60,0,C1973,80,C5638,N7227,6,5,452
60,0,C2533,N898,C612,445,6,1,46
60,0,C2696,N896,C95,445,6,1,52
60,0,C467,389,C1453,N10770,6,6,788
60,0,C467,389,C1453,N10773,6,8,1855
60,0,C467,389,C1453,N10775,6,8,1855
60,0,C528,88,C1453,N2189,6,6,1686
60,0,C528,88,C1453,N8907,6,5,361
60,0,C529,389,C1453,N10772,6,10,4595
60,0,C529,389,C1453,N10772,6,8,2629
60,0,C529,389,C1453,N11102,17,1,193
60,0,C5638,N10766,C1973,80,6,7,1698
60,0,C5638,N10771,C1973,80,6,7,1707
60,0,C5638,N7094,C1973,80,6,7,1698
60,0,C5638,N7227,C1973,80,6,7,1707
60,0,C585,445,C1082,N885,6,1,46
60,0,C612,445,C2533,N898,6,1,46
60,1,C1453,N107,C528,389,6,22,6607
60,1,C528,389,C1453,N107,6,29,33136
60,10,C5585,N10781,C1707,N1,6,10,6440
60,11,C4384,N2107,C1707,N1,6,9,2988
60,11,C4509,N9466,C1707,N1,6,9,2952
60,11,C4893,N10843,C1707,N1,6,9,2989
60,15,C2584,N4026,C467,135,6,8,586
60,15,C2584,N9920,C467,N38,6,7,631
60,15,C467,135,C2584,N4026,6,6,800
60,15,C467,N38,C2584,N9920,6,5,548
60,2,C1295,137,C4174,137,17,2,156
60,2,C4174,137,C1295,137,17,2,180
60,34,C2591,N349,C5720,445,6,4,278
60,34,C5720,445,C2591,N349,6,2,186
60,41,C1453,N10983,C612,445,6,169,36019
60,41,C612,445,C1453,N10983,6,166,78219
60,41,C612,445,C1453,N10983,6,177,92183
60,5,C1707,N1,C5585,N10781,6,5,369
60,6,C1707,N1,C4384,N2107,6,6,2975
60,60,C1173,N17,C1638,N17,1,13,1131
60,60,C1638,N44,C1173,N17,1,13,1131
60,7,C1707,N1,C4509,N9466,6,6,2975
60,7,C1707,N1,C4893,N10843,6,6,2975
61,0,C1685,N1,C19384,N10014,6,4,372
61,0,C1685,N1,C19384,N10091,6,4,372
61,0,C1685,N1,C19384,N10786,6,4,372
61,0,C1707,N1,C19384,N10015,6,4,376
61,0,C1707,N1,C19384,N10785,6,4,376
61,0,C1707,N1,C19384,N10788,6,4,376
61,0,C19384,N10014,C1685,N1,6,6,430
61,0,C19384,N10015,C1707,N1,6,6,430
61,0,C19384,N10091,C1685,N1,6,6,420
61,0,C19384,N10785,C1707,N1,6,7,472
61,0,C19384,N10786,C1685,N1,6,6,429
61,0,C19384,N10788,C1707,N1,6,6,429
61,0,C24954,N10739,C7632,N77,6,1,48
61,0,C24954,N10740,C10022,N77,6,1,48
61,0,C3990,123,C586,123,17,1,96
61,0,C4622,N10603,C706,80,6,1,46
61,0,C528,389,C5584,N11148,17,1,195
61,0,C528,N17,C3826,N17,1,2,120
61,0,C586,123,C3990,123,17,1,96
61,10,C1131,N10845,C1685,N1,6,6,1213
61,10,C1396,N4566,C1685,N1,6,6,1223
61,11,C528,445,C3826,N1792,6,15,2418
61,13,C1453,N10858,C529,N38,6,7,797
61,13,C1453,N5688,C529,135,6,8,1305
61,13,C529,135,C1453,N5688,6,6,788
61,13,C529,N38,C1453,N10858,6,6,710
61,28,C706,80,C2912,N9366,6,10,4590
61,29,C2912,N9366,C706,80,6,13,6523
61,38,C1015,N33,C2912,N786,6,2,92
61,40,C528,445,C928,N8535,6,137,80008
61,6,C1685,N1,C1131,N10845,6,4,2752
61,6,C1685,N1,C1396,N4566,6,4,2752
61,60,C1767,1433,C5756,N343,6,3,138
61,60,C5756,N343,C1767,1433,6,3,192
61,61,C2997,N137,C5721,445,6,6,417
61,61,C4466,N691,C5721,445,6,6,417
62,0,C1685,N1,C19384,N10789,6,5,2694
62,0,C1707,N1,C5584,N10790,6,3,2705
62,0,C1804,N10568,C5030,443,6,2,92
62,0,C19384,N10789,C1685,N1,6,7,1294
62,0,C2095,N11145,C612,389,17,1,192
62,0,C2095,N11146,C467,389,17,1,192
62,0,C2871,N11154,C467,389,17,1,233
62,0,C457,445,C5778,N9077,6,1,46
62,0,C467,389,C2095,N11146,17,1,193
62,0,C467,389,C2871,N11154,17,1,193
62,0,C5030,443,C1804,N10568,6,1,46
62,0,C528,389,C1222,N11149,17,1,195
62,0,C5778,N9077,C457,445,6,1,52
62,0,C612,389,C2095,N11145,17,1,193
62,1,C5584,N10790,C1707,N1,6,5,1173
62,12,C2095,N10881,C467,N38,6,7,1497
62,12,C2095,N10882,C467,135,6,8,1295
62,12,C2095,N10883,C612,135,6,7,644
62,12,C467,135,C2095,N10882,6,6,884
62,12,C467,N38,C2095,N10881,6,6,1888
62,12,C612,135,C2095,N10883,6,5,504
62,14,C1295,N10862,C586,139,6,13,1531
62,14,C1295,N10863,C586,139,6,14,4279
62,14,C1295,N5726,C586,139,6,12,1507
62,14,C586,139,C1295,N10862,6,11,1667
62,14,C586,139,C1295,N10863,6,12,1411
62,14,C586,139,C1295,N5726,6,10,1562
62,14,C586,139,C1295,N5726,6,9,1270
62,20,C2095,N10928,C467,135,6,7,644
62,20,C467,135,C2095,N10928,6,5,600
62,32,C2095,N1896,C612,N72,6,12,4475
62,32,C612,N72,C2095,N1896,6,9,1552
62,50,C2095,N11064,C467,N38,6,11,3121
62,50,C467,N38,C2095,N11064,6,9,1552
62,60,C18117,N554,C5736,2049,6,51,6448
62,60,C5736,2049,C18117,N554,6,27,4568
63,0,C1295,N11155,C586,389,17,1,193
63,0,C1685,N1,C19384,N10793,6,4,445
63,0,C19384,N10793,C1685,N1,6,6,922
63,0,C1973,80,C2871,2010,6,5,448
63,0,C1973,80,C2871,N10817,6,5,448
63,0,C1973,80,C2871,N10823,6,5,448
63,0,C1973,80,C2871,N1679,6,5,448
63,0,C2095,N10792,C457,389,6,12,4269
63,0,C2095,N11147,C457,389,17,1,191
63,0,C2095,N7493,C457,389,6,11,4489
63,0,C2095,N8299,C457,389,6,13,4926
63,0,C2095,N8354,C457,389,6,11,4489
63,0,C2320,N10818,C467,445,6,17,5319
63,0,C2320,N10819,C467,139,6,2,106
63,0,C2320,N11150,C467,88,17,1,198
63,0,C2320,N11151,C467,88,17,1,276
63,0,C2320,N11152,C467,88,17,1,1386
63,0,C2320,N11153,C467,88,17,1,1396
63,0,C24113,N919,C5736,445,6,2,148
63,0,C2871,2010,C1973,80,6,7,1686
63,0,C2871,N10817,C1973,80,6,7,1677
63,0,C2871,N10823,C1973,80,6,7,1686
63,0,C2871,N1679,C1973,80,6,7,1677
63,0,C457,389,C2095,N10792,6,8,3174
63,0,C457,389,C2095,N11147,17,1,193
63,0,C457,389,C2095,N7493,6,9,1911
63,0,C457,389,C2095,N8299,6,10,4241
63,0,C457,389,C2095,N8354,6,8,1855
63,0,C467,139,C2320,N10819,6,1,60
63,0,C467,445,C2320,N10818,6,15,2561
63,0,C467,88,C2320,N11150,17,1,430
63,0,C467,88,C2320,N11151,17,1,1398
63,0,C467,88,C2320,N11152,17,1,1404
63,0,C467,88,C2320,N11153,17,1,1376
63,0,C5030,443,C749,N5856,6,5,1493
63,0,C528,88,C1222,N10796,6,5,1634
63,0,C528,88,C1222,N427,6,5,360
63,0,C5736,445,C24113,N919,6,1,91
63,0,C586,389,C1295,N11155,17,1,193
63,1,C2095,N10791,C467,389,6,22,7578
63,1,C467,389,C2095,N10791,6,28,29709
63,1,C749,N5856,C5030,443,6,6,1647
63,10,C5584,N1849,C1707,N1,6,11,6680
63,11,C2095,N9521,C586,445,6,16,7192
63,11,C586,445,C2095,N9521,6,11,2979
63,35,C2095,N9520,C625,445,6,85,23846
63,35,C2320,N332,C467,445,6,4,700
63,35,C467,445,C2320,N332,6,2,1168
63,35,C625,445,C2095,N9520,6,79,21405
63,6,C1707,N1,C5584,N1849,6,6,548
63,61,C5478,443,C25760,N11163,6,42,15457
64,0,C1685,N1,C21756,N4160,6,4,372
64,0,C1685,N1,C21756,N4192,6,4,372
64,0,C1707,N1,C21756,N4170,6,4,376
64,0,C1707,N1,C21756,N4193,6,4,376
64,0,C21756,N4160,C1685,N1,6,6,430
64,0,C21756,N4170,C1707,N1,6,6,430
64,0,C21756,N4192,C1685,N1,6,6,429
64,0,C21756,N4193,C1707,N1,6,7,481
64,0,C2735,N4274,C706,80,6,1,46
64,0,C2883,N2920,C5736,445,6,1,46
64,0,C3427,N2925,C5736,445,6,1,46
64,0,C457,389,C4592,N11165,17,1,191
64,0,C457,389,C4592,N11167,17,1,117
64,0,C457,389,C5681,N11164,17,1,117
64,0,C459,N2924,C5736,445,6,1,46
64,0,C4592,N11165,C457,389,17,1,108
64,0,C4592,N11167,C457,389,17,1,80
64,0,C4798,N2928,C5736,445,6,1,46
64,0,C5681,N11164,C457,389,17,1,80
64,0,C5736,445,C2883,N2920,6,1,46
64,0,C5736,445,C3427,N2925,6,1,46
64,0,C5736,445,C459,N2924,6,1,46
64,0,C5736,445,C4798,N2928,6,1,46
64,0,C5736,445,C5850,N2921,6,1,46
64,0,C5736,445,C857,N1141,6,1,46
64,0,C5850,N2921,C5736,445,6,1,46
64,0,C706,80,C275,N2520,6,4,515
64,0,C857,N1141,C5736,445,6,1,46
64,10,C1875,N10833,C1685,N1,6,6,1245
64,11,C608,N1619,C1707,N1,6,9,2945
64,34,C23098,N11169,C7632,N77,6,10,592
64,5,C1685,N1,C1875,N10833,6,4,2753
64,55,C458,1433,C113,N216,6,6,516
64,6,C1707,N1,C608,N1619,6,6,2979
64,60,C2670,N1950,C18963,161,17,4,424
64,60,C275,N2520,C706,80,6,8,3004
65,0,C15930,N8044,C2588,N20,6,5,272
65,0,C1685,N1,C20510,N2577,6,4,372
65,0,C1685,N1,C20510,N2653,6,4,372
65,0,C1685,N1,C20510,N2682,6,4,372
65,0,C1685,N1,C21756,N10834,6,5,2694
65,0,C1707,N1,C20510,N2366,6,4,376
65,0,C1707,N1,C20510,N2576,6,4,376
65,0,C1707,N1,C20510,N2659,6,4,376
65,0,C20510,N2366,C1707,N1,6,6,429
65,0,C20510,N2576,C1707,N1,6,6,420
65,0,C20510,N2577,C1685,N1,6,6,429
65,0,C20510,N2653,C1685,N1,6,6,430
65,0,C20510,N2659,C1707,N1,6,6,430
65,0,C20510,N2682,C1685,N1,6,7,472
65,0,C21756,N10834,C1685,N1,6,7,1335
65,0,C2588,N20,C15930,N8044,6,3,168
65,0,C3863,N44,C457,N17,1,2,120
65,0,C457,389,C5611,N11166,17,1,191
65,0,C457,389,C5611,N11168,17,1,117
65,0,C457,N17,C3863,N17,1,2,120
65,0,C5611,N11166,C457,389,17,1,108
65,0,C5611,N11168,C457,389,17,1,80
65,12,C3863,N10872,C457,445,6,16,4307
65,12,C457,445,C3863,N10872,6,15,2418
65,60,C458,1433,C113,N436,6,6,294
66,0,C1987,N5939,C457,445,6,1,52
66,0,C3860,N44,C586,N17,1,2,120
66,0,C4407,N1042,C1273,N1043,6,1,52
66,0,C457,445,C1987,N5939,6,1,46
66,0,C5030,443,C709,N10786,6,5,1493
66,0,C5474,N30,C1970,N28,6,4,654
66,0,C586,N17,C3860,N17,1,2,120
66,1,C709,N10786,C5030,443,6,6,1647
66,11,C1108,N10859,C528,445,6,13,4268
66,11,C3860,N10875,C586,445,6,17,4347
66,11,C528,445,C1108,N10859,6,9,1653
66,11,C586,445,C3860,N10875,6,15,2418
66,55,C458,N46,C113,N219,6,72,54150
66,60,C2588,N20,C15930,N19,6,3,157
66,71,C3173,445,C1554,N1151,6,318,33443
67,0,C1045,N1064,C9883,445,6,1,46
67,0,C1177,N1053,C9883,445,6,1,46
67,0,C1685,N1,C20510,N2689,6,5,2694
67,0,C1685,N1,C21756,N10835,6,4,445
67,0,C1707,N1,C5583,N10836,6,4,413
67,0,C1707,N1,C5583,N3665,6,4,414
67,0,C20510,N1584,C7632,N77,6,1,48
67,0,C20510,N2689,C1685,N1,6,7,1262
67,0,C21756,N10835,C1685,N1,6,6,931
67,0,C242,N1045,C9883,445,6,1,46
67,0,C242,N1046,C9883,445,6,1,46
67,0,C3933,N44,C625,N17,1,2,120
67,0,C5583,N10836,C1707,N1,6,5,856
67,0,C5583,N3665,C1707,N1,6,5,856
67,0,C625,N17,C3933,N17,1,2,120
67,0,C9883,445,C1177,N1053,6,1,46
67,0,C9883,445,C242,N1045,6,1,46
67,0,C9883,445,C242,N1046,6,1,46
67,11,C3933,N3431,C625,445,6,17,4349
67,11,C625,445,C3933,N3431,6,15,2418
67,2,C3173,N48,C1554,N10832,6,3,138
67,20,C3173,135,C1554,N10929,6,8,1140
67,27,C467,135,C4835,N10943,6,5,520
67,27,C467,N38,C4835,N10944,6,5,532
67,27,C4835,N10943,C467,135,6,7,540
67,27,C4835,N10944,C467,N38,6,7,627
67,30,C1065,135,C3947,N5618,6,5,520
67,30,C1065,N197,C3947,N6101,6,5,516
67,30,C3947,N5618,C1065,135,6,7,540
67,30,C3947,N6101,C1065,N197,6,7,631
67,31,C2413,N10997,C529,N38,6,7,631
67,31,C2413,N8082,C529,135,6,7,540
67,31,C529,135,C2413,N8082,6,5,432
67,31,C529,N38,C2413,N10997,6,5,516
67,60,C4174,137,C876,137,17,3,252
67,60,C4920,137,C876,137,17,3,252
67,60,C5474,N51,C1841,N28,6,4,392
67,60,C876,137,C4174,137,17,3,234
67,60,C876,137,C4920,137,17,3,234
67,60,C940,N53,C2588,N20,6,3,138
67,61,C2588,N20,C940,N53,6,3,138
67,70,C5736,2049,C11573,N250,6,312,57588
68,0,C1065,389,C1095,N1056,6,14,8812
68,0,C1095,N1056,C1065,389,6,15,6674
68,0,C1442,N1059,C366,445,6,1,52
68,0,C2270,N10838,C5721,443,6,11,1344
68,0,C2270,N1124,C5720,2049,6,2,104
68,0,C2270,N2965,C5720,443,6,11,1344
68,0,C2270,N9315,C5721,2049,6,2,104
68,0,C366,445,C1442,N1059,6,1,46
68,0,C5720,2049,C2270,N1124,6,2,104
68,0,C5720,443,C2270,N2965,6,10,3926
68,0,C5721,2049,C2270,N9315,6,2,104
68,0,C5721,443,C2270,N10838,6,11,3917
68,1,C2270,N10837,C5720,443,6,150,8521
68,1,C3173,N48,C2758,N1262,6,3,138
68,1,C5720,443,C2270,N10837,6,446,657938
68,14,C3173,135,C2758,N1258,6,6,716
68,30,C3340,N1836,C529,135,6,7,540
68,30,C3340,N2930,C529,N38,6,7,631
68,30,C529,135,C3340,N1836,6,5,432
68,30,C529,N38,C3340,N2930,6,5,516
68,34,C3029,N477,C5720,445,6,4,278
68,34,C5720,445,C3029,N477,6,2,186
68,38,C1015,N33,C375,N830,6,2,92
68,60,C2293,N41,C2588,N20,6,3,138
68,60,C2588,N20,C2293,N41,6,3,138
69,0,C1065,389,C1095,N609,6,1,46
69,0,C1095,N609,C1065,389,6,1,46
69,0,C11573,111,C5736,N11191,17,1,56
69,0,C1685,N1,C20510,N2743,6,4,445
69,0,C1685,N1,C4622,N10841,6,4,410
69,0,C1685,N1,C4622,N2034,6,4,409
69,0,C20510,N2743,C1685,N1,6,6,922
69,0,C3173,N48,C1744,N6021,6,3,138
69,0,C4622,N10841,C1685,N1,6,5,853
69,0,C4622,N2034,C1685,N1,6,5,853
69,0,C5736,N11191,C11573,111,17,1,84
69,0,C5757,N44,C625,N17,1,2,120
69,0,C625,N17,C5757,N17,1,2,120
69,1,C3173,N48,C1744,N6014,6,3,138
69,1,C3173,N48,C2758,N1411,6,3,138
69,11,C5757,N10590,C625,445,6,17,4349
69,11,C625,445,C5757,N10590,6,15,2418
69,32,C3173,135,C1744,N5925,6,6,716
69,5,C26205,137,C4174,137,17,2,156
69,5,C4174,137,C26205,137,17,2,186
69,60,C396,N32,C2588,N20,6,3,158
69,61,C2588,N20,C396,N32,6,3,157
69,65,C5736,2049,C22069,N485,6,288,48472
69,9,C4797,N10346,C3971,N46,6,3,152
69,9,C4797,N10347,C3935,N46,6,3,152
69,9,C4797,N11193,C4116,N46,6,3,152
69,9,C4797,N11194,C3469,N46,6,3,152
69,9,C4797,N11195,C4847,N46,6,3,152
69,9,C4797,N2521,C3371,N46,6,3,152
69,9,C4797,N3507,C24735,N46,6,3,152
69,9,C4797,N481,C128,N46,6,3,152
70,0,C242,N1803,C457,445,6,1,52
70,0,C457,445,C242,N1803,6,1,46
70,0,C528,N72,C400,N10647,6,2,92
70,27,C2436,N10980,C467,N38,6,7,627
70,27,C2436,N10986,C467,135,6,7,540
70,27,C467,135,C2436,N10986,6,5,520
70,27,C467,N38,C2436,N10980,6,5,532
71,0,C1065,N17,C2908,N17,1,1,60
71,0,C11573,111,C5736,N11192,17,1,56
71,0,C1685,N1,C3211,N10846,6,4,414
71,0,C1685,N1,C3211,N5605,6,4,413
71,0,C2908,N44,C1065,N17,1,1,60
71,0,C3211,N10846,C1685,N1,6,5,857
71,0,C3211,N5605,C1685,N1,6,5,857
71,0,C5736,N11192,C11573,111,17,1,84
71,1,C3173,N48,C1554,N10849,6,3,138
71,10,C1796,N10896,C528,445,6,13,4324
71,10,C528,445,C1796,N10896,6,9,1653
71,38,C1015,N33,C788,N894,6,2,92
71,58,C194,137,C4174,137,17,9,702
71,58,C194,137,C4920,137,17,9,702
71,58,C4174,137,C194,137,17,9,756
71,58,C4920,137,C194,137,17,9,756
71,60,C23640,N147,C22112,N147,17,3,282
71,60,C2588,N20,C788,N145,6,3,138
71,60,C788,N145,C2588,N20,6,3,138
71,9,C1340,N3807,C787,N36,6,3,144
72,0,C467,389,C4858,N11196,17,1,193
72,0,C4858,N10641,C586,389,17,1,277
72,0,C4858,N11196,C467,389,17,1,236
72,0,C4858,N11197,C612,389,17,1,277
72,0,C586,389,C4858,N10641,17,1,204
72,0,C612,389,C4858,N11197,17,1,204
72,10,C1516,N10884,C1707,N1,6,6,1213
72,10,C2852,N10861,C1685,N1,6,6,1218
72,14,C2321,N10941,C586,445,6,13,4237
72,14,C586,445,C2321,N10941,6,9,1653
72,26,C467,135,C4858,N10989,6,5,520
72,26,C467,N38,C4858,N10990,6,6,400
72,26,C4858,N10989,C467,135,6,7,540
72,26,C4858,N10990,C467,N38,6,8,704
72,5,C1685,N1,C2852,N10861,6,4,2748
72,5,C1707,N1,C1516,N10884,6,4,2755
72,60,C13488,N147,C22112,N147,17,3,282
72,60,C22976,N147,C22112,N147,17,3,282
72,60,C3422,1433,C5756,N143,6,3,138
72,64,C2026,2049,C26188,N251,6,329,51122
72,64,C26188,N251,C2026,2049,6,346,80768
73,0,C1707,N1,C4639,N10870,6,4,413
73,0,C1707,N1,C4639,N10871,6,4,414
73,0,C4639,N10870,C1707,N1,6,5,856
73,0,C4639,N10871,C1707,N1,6,5,856
73,0,C467,389,C4858,N4596,17,1,204
73,0,C4858,N4595,C528,389,17,1,277
73,0,C4858,N4596,C467,389,17,1,277
73,0,C528,389,C4858,N4595,17,1,206
73,0,C5648,N11214,C612,389,17,1,80
73,0,C612,389,C5648,N11214,17,1,117
73,11,C3912,N3360,C586,445,6,17,4347
73,11,C586,445,C3912,N3360,6,15,2418
73,18,C3912,N44,C586,N17,1,5,286
73,18,C586,N17,C3912,N17,1,5,286
73,34,C3193,2432,C5721,445,6,4,278
73,34,C5721,445,C3193,2432,6,2,186
73,38,C1015,N33,C714,N936,6,2,92
74,0,C1065,389,C4858,N11216,17,1,204
74,0,C4038,N11212,C585,139,6,8,2869
74,0,C4038,N44,C5721,N17,1,1,60
74,0,C4038,N44,C585,N17,1,1,60
74,0,C4858,N11216,C1065,389,17,1,277
74,1,C3173,N48,C1554,N10873,6,3,138
74,7,C4038,N10886,C5721,445,6,13,3321
74,9,C1670,N11213,C3971,N46,6,3,144
75,0,C3919,N44,C467,N17,1,2,120
75,0,C3919,N9689,C467,445,6,17,4347
75,0,C443,N10853,C706,80,6,1,46
75,0,C443,N215,C754,80,6,1,46
75,0,C467,445,C3919,N9689,6,15,2418
75,0,C467,N17,C3919,N17,1,2,120
75,0,C4858,N11215,C529,389,17,1,277
75,0,C529,389,C4858,N11215,17,1,204
75,0,C706,80,C1538,N4144,6,7,4132
75,10,C1335,N10876,C1685,N1,6,6,1213
75,11,C3528,N4168,C1707,N1,6,9,3624
75,5,C1065,138,C4858,138,17,2,648
75,5,C467,138,C4858,138,17,2,648
75,5,C4858,137,C4920,137,17,2,156
75,5,C4858,138,C1065,138,17,2,628
75,5,C4858,138,C467,138,17,2,628
75,5,C4858,138,C529,138,17,2,628
75,5,C4858,138,C586,138,17,2,628
75,5,C4858,138,C612,138,17,2,628
75,5,C4920,137,C4858,137,17,2,276
75,5,C529,138,C4858,138,17,2,648
75,5,C586,138,C4858,138,17,2,648
75,5,C612,138,C4858,138,17,2,648
75,6,C1685,N1,C1335,N10876,6,4,2752
75,60,C1538,N4144,C706,80,6,9,3751
75,7,C1707,N1,C3528,N4168,6,6,2976
75,9,C3871,N5522,C23147,N342,6,3,144
76,0,C1685,N1,C396,N10878,6,4,445
76,0,C1685,N1,C396,N9878,6,4,446
76,0,C1707,N1,C3983,N10877,6,5,2816
76,0,C396,N10878,C1685,N1,6,6,950
76,0,C396,N9878,C1685,N1,6,6,950
76,0,C3983,N10877,C1707,N1,6,6,1209
76,30,C3753,N11057,C529,135,6,7,540
76,30,C3753,N11058,C529,N38,6,7,659
76,30,C529,135,C3753,N11057,6,5,432
76,30,C529,N38,C3753,N11058,6,5,548
77,1,C1707,N1,C2835,N2639,6,4,413
77,1,C2835,N2639,C1707,N1,6,5,847
77,1,C3173,N48,C1554,N10888,6,3,138
77,37,C20510,N2738,C7632,N77,6,10,592
78,0,C1685,N1,C5584,N1840,6,4,413
78,0,C1685,N1,C5584,N1841,6,4,414
78,0,C1707,N1,C2835,N2638,6,4,414
78,0,C1707,N1,C3983,N6743,6,5,383
78,0,C2835,N2638,C1707,N1,6,5,847
78,0,C2908,137,C4174,137,17,1,78
78,0,C2908,N11239,C467,389,17,1,235
78,0,C3983,N6743,C1707,N1,6,6,1898
78,0,C4174,137,C2908,137,17,1,90
78,0,C457,389,C5679,N9381,6,1,46
78,0,C4576,N5774,C5030,443,6,2,92
78,0,C467,389,C2908,N11239,17,1,193
78,0,C5030,443,C3753,N5160,6,5,1852
78,0,C5030,443,C4576,N5774,6,1,46
78,0,C5584,N1840,C1685,N1,6,5,847
78,0,C5584,N1841,C1685,N1,6,5,847
78,0,C5679,N9381,C457,389,6,1,64
78,0,C706,80,C109,N11238,6,4,515
78,1,C3753,N5160,C5030,443,6,9,1825
78,10,C140,N10916,C1685,N1,6,6,1223
78,10,C5225,N288,C1685,N1,6,9,3014
78,11,C2908,N10942,C467,139,6,27,7775
78,11,C467,139,C2908,N10942,6,19,2563
78,11,C467,139,C2908,N10942,6,22,3448
78,13,C612,445,C894,N10936,6,9,1653
78,13,C894,N10936,C612,445,6,13,4265
78,5,C1685,N1,C140,N10916,6,4,2752
78,6,C1685,N1,C5225,N288,6,6,2972
78,60,C109,N11238,C706,80,6,8,2980
79,0,C3959,N7716,C706,80,6,7,2956
79,0,C528,389,C3088,N11252,17,1,195
79,0,C706,80,C3959,N7716,6,4,511
79,1,C2584,N9921,C612,389,6,13,3047
79,1,C3173,N48,C4639,N10880,6,3,138
79,1,C3753,N4603,C5030,443,6,7,1725
79,1,C5030,443,C3753,N4603,6,6,2042
79,1,C612,389,C2584,N9921,6,12,5415
79,10,C3371,N10919,C1685,N1,6,9,3022
79,10,C972,N1752,C1685,N1,6,6,1255
79,11,C2389,4569,C1685,N1,6,9,2430
79,11,C359,N337,C22442,N8198,6,11,1496
79,12,C22442,N8198,C359,N337,6,19,2789
79,13,C3173,135,C4639,N10970,6,6,716
79,15,C1701,N742,C1685,N1,6,6,1223
79,5,C1685,N1,C1701,N742,6,4,2752
79,5,C1685,N1,C972,N1752,6,4,2753
79,6,C1685,N1,C2389,4569,6,6,2973
79,6,C1685,N1,C3371,N10919,6,6,2972
80,0,C1645,N10650,C5030,443,6,2,92
80,0,C5030,443,C1645,N10650,6,1,46
80,0,C528,389,C3088,N10874,6,6,800
80,0,C528,389,C3088,N10885,6,15,14827
80,1,C3173,N48,C4639,N10887,6,2,92
80,60,C904,N221,C21872,161,17,4,424
80,61,C4891,N1814,C5721,445,6,6,666
81,0,C1135,N6762,C359,N337,6,9,2002
81,0,C1135,N6764,C359,N337,6,4,480
81,0,C3173,N48,C4639,N10887,6,1,46
81,0,C359,N337,C1135,N6762,6,7,1047
81,0,C359,N337,C1135,N6764,6,2,197
81,0,C3952,N11250,C625,389,17,1,80
81,0,C5030,443,C5327,N11249,6,5,1481
81,0,C625,389,C3952,N11250,17,1,117
81,0,C706,80,C3148,N11248,6,4,515
81,1,C5327,N11249,C5030,443,6,6,1578
81,11,C1294,N10910,C1707,N1,6,9,3004
81,11,C528,445,C2470,N11253,6,9,1653
81,38,C1015,N33,C3668,N488,6,2,92
81,6,C1707,N1,C1294,N10910,6,6,2979
81,60,C3148,N11248,C706,80,6,8,3010
81,9,C3688,N5716,C3935,N46,6,3,144
82,0,C1685,N1,C2871,N10412,6,4,409
82,0,C1685,N1,C2871,N7690,6,4,410
82,0,C2871,N10412,C1685,N1,6,5,852
82,0,C2871,N7690,C1685,N1,6,5,852
82,1,C1707,N1,C5585,N10914,6,4,413
82,1,C5585,N10914,C1707,N1,6,5,856
82,43,C4812,N315,C5721,445,6,29,3932
82,60,C2056,N1571,C2588,N20,6,3,138
82,60,C23382,N916,C5736,2049,6,12,1536
82,60,C2588,N20,C2056,N1571,6,3,138
82,60,C5736,2049,C23382,N916,6,6,968
83,0,C1065,389,C3405,N10899,6,9,1825
83,0,C1065,389,C3405,N2569,6,11,4221
83,0,C1065,389,C3405,N55,6,9,1825
83,0,C1065,389,C5713,N11251,17,1,117
83,0,C12285,N10834,C1707,N1,6,7,481
83,0,C12285,N10835,C1685,N1,6,6,430
83,0,C12285,N10911,C1707,N1,6,7,482
83,0,C12285,N10912,C1685,N1,6,6,420
83,0,C12285,N10917,C1707,N1,6,7,472
83,0,C12285,N4276,C1685,N1,6,6,429
83,0,C1685,N1,C12285,N10835,6,4,372
83,0,C1685,N1,C12285,N10912,6,4,372
83,0,C1685,N1,C12285,N4276,6,4,372
83,0,C1707,N1,C12285,N10834,6,4,376
83,0,C1707,N1,C12285,N10911,6,4,376
83,0,C1707,N1,C12285,N10917,6,4,376
83,0,C1707,N1,C5585,N10909,6,4,414
83,0,C2150,N971,C5445,N11286,6,8,7365
83,0,C2150,N971,C5445,N11291,6,8,6730
83,0,C2150,N971,C5445,N11292,6,15,14960
83,0,C2150,N971,C5445,N1664,6,13,11811
83,0,C3405,N10899,C1065,389,6,10,2796
83,0,C3405,N11254,C528,389,17,1,197
83,0,C3405,N2569,C1065,389,6,12,3233
83,0,C3405,N44,C528,N17,1,3,166
83,0,C3405,N44,C612,N17,1,2,120
83,0,C3405,N55,C1065,389,6,10,2796
83,0,C528,389,C3405,N11254,17,1,195
83,0,C528,88,C2934,N10497,6,4,489
83,0,C528,88,C2934,N10913,6,5,1703
83,0,C528,88,C2934,N2165,6,5,356
83,0,C528,88,C2934,N70,6,4,1592
83,0,C528,88,C2934,N71,6,4,1540
83,0,C528,N17,C3405,N17,1,3,166
83,0,C5585,N10909,C1707,N1,6,5,856
83,0,C5713,N11251,C1065,389,17,1,80
83,0,C612,N17,C3405,N17,1,2,120
83,1,C3405,N10897,C528,389,6,20,5761
83,1,C3405,N10898,C528,389,6,9,2231
83,1,C528,389,C3405,N10897,6,26,27481
83,1,C528,389,C3405,N10898,6,7,846
83,11,C3405,N10451,C528,445,6,13,3963
83,11,C3405,N10984,C612,445,6,281,44184
83,11,C528,445,C3405,N10451,6,11,2182
83,11,C612,445,C3405,N10984,6,281,67043
83,11,C612,445,C3405,N10984,6,287,67769
83,30,C3405,N11094,C467,135,6,8,871
83,30,C3405,N11101,C467,N38,6,7,879
83,30,C3405,N7656,C528,135,6,7,540
83,30,C3405,N7657,C528,N72,6,13,4231
83,30,C467,135,C3405,N11094,6,6,800
83,30,C467,N38,C3405,N11101,6,4,260
83,30,C467,N38,C3405,N11101,6,5,436
83,30,C528,135,C3405,N7656,6,5,432
83,30,C528,N72,C3405,N7657,6,11,1745
84,0,C2646,N11287,C457,389,17,1,236
84,0,C457,389,C2646,N11287,17,1,193
84,29,C3405,N11080,C467,135,6,7,540
84,29,C3405,N11081,C467,N38,6,7,655
84,29,C467,135,C3405,N11080,6,5,520
84,29,C467,N38,C3405,N11081,6,5,548
84,50,C2646,N10403,C457,135,6,7,584
84,50,C2646,N1588,C457,N197,6,7,1267
84,50,C457,135,C2646,N10403,6,5,544
84,50,C457,N197,C2646,N1588,6,5,1340
84,60,C5478,443,C443,N9404,6,42,13505
85,0,C12285,N10915,C1685,N1,6,7,1294
85,0,C1685,N1,C12285,N10915,6,5,2694
85,0,C5721,445,C51,N1057,6,1,168
85,1,C3173,N48,C1538,N10859,6,3,138
85,1,C3173,N48,C1554,N10930,6,3,138
85,1,C51,N1057,C5721,445,6,2,178
85,10,C236,N10960,C1707,N1,6,6,1213
85,12,C3173,135,C1538,N7523,6,6,716
85,13,C3173,135,C1554,N11005,6,6,716
85,6,C1707,N1,C236,N10960,6,4,2755
85,60,C4915,N1157,C2588,N20,6,3,138
86,0,C12285,N10920,C1685,N1,6,6,922
86,0,C1646,N5485,C585,445,6,1,46
86,0,C1685,N1,C12285,N10920,6,4,445
86,0,C1685,N1,C18044,N10921,6,4,372
86,0,C1685,N1,C18044,N10924,6,4,372
86,0,C1685,N1,C18044,N10926,6,4,372
86,0,C1685,N1,C5269,N10922,6,4,410
86,0,C1685,N1,C5269,N5470,6,4,409
86,0,C1707,N1,C18044,N10923,6,4,376
86,0,C1707,N1,C18044,N10925,6,4,376
86,0,C1707,N1,C18044,N10927,6,4,376
86,0,C18044,N10921,C1685,N1,6,6,429
86,0,C18044,N10923,C1707,N1,6,6,429
86,0,C18044,N10924,C1685,N1,6,6,430
86,0,C18044,N10925,C1707,N1,6,6,430
86,0,C18044,N10926,C1685,N1,6,6,420
86,0,C18044,N10927,C1707,N1,6,6,420
86,0,C457,389,C5677,N11288,17,1,117
86,0,C5269,N10922,C1685,N1,6,5,852
86,0,C5269,N5470,C1685,N1,6,5,852
86,0,C5474,N8052,C1841,N28,6,4,203
86,0,C5677,N11288,C457,389,17,1,80
86,0,C585,445,C1646,N5485,6,1,46
86,1,C3173,N48,C1538,N6239,6,3,138
86,1,C3173,N48,C1554,N10918,6,3,138
86,10,C4917,N10962,C1685,N1,6,9,3021
86,5,C1685,N1,C4917,N10962,6,6,2972
86,51,C4174,137,C194,137,17,8,672
87,0,C11573,111,C5736,N11290,17,1,56
87,0,C3963,N44,C612,N17,1,2,120
87,0,C3967,N44,C529,N17,1,2,120
87,0,C457,389,C5681,N11289,17,1,117
87,0,C529,N17,C3967,N17,1,2,120
87,0,C5681,N11289,C457,389,17,1,80
87,0,C5736,N11290,C11573,111,17,1,84
87,0,C612,N17,C3963,N17,1,2,120
87,12,C3963,N11007,C612,445,6,17,4347
87,12,C3967,N3003,C529,445,6,17,4347
87,12,C529,445,C3967,N3003,6,15,2418
87,12,C612,445,C3963,N11007,6,15,2418
87,9,C1340,N11304,C787,N36,6,3,144
88,0,C1065,389,C5753,N11305,17,1,191
88,0,C1065,389,C5753,N11306,17,1,117
88,0,C1654,80,C17592,N10624,6,2,104
88,0,C1685,N1,C18044,N10907,6,5,2694
88,0,C18044,N10907,C1685,N1,6,7,1262
88,0,C1954,N10764,C706,80,6,1,46
88,0,C3334,N11307,C612,389,17,1,235
88,0,C5753,N11305,C1065,389,17,1,108
88,0,C5753,N11306,C1065,389,17,1,80
88,0,C612,389,C3334,N11307,17,1,193
88,1,C706,80,C418,N11308,6,4,515
88,10,C2704,N5563,C1685,N1,6,6,1213
88,30,C3334,N11105,C612,135,6,9,932
88,30,C3334,N5398,C612,N197,6,9,997
88,30,C612,135,C3334,N11105,6,7,1080
88,30,C612,N197,C3334,N5398,6,7,1076
88,5,C1685,N1,C2704,N5563,6,4,2752
88,60,C8553,N877,C2588,N20,6,4,211
88,61,C418,N11308,C706,80,6,8,3002
89,0,C1685,N1,C18044,N10908,6,4,445
89,0,C18044,N10908,C1685,N1,6,6,922
89,0,C1823,N44,C2127,N17,1,1,60
89,0,C2127,N17,C1823,N17,1,1,60
89,0,C3068,N10760,C706,80,6,1,46
89,0,C5720,445,C100,N973,6,1,46
89,0,C5720,445,C1002,N1665,6,1,46
89,0,C5720,445,C1019,N1699,6,1,46
89,0,C5720,445,C1039,N1628,6,1,46
89,0,C5720,445,C1059,N1742,6,1,46
89,0,C5720,445,C1059,N361,6,1,46
89,0,C5720,445,C1103,N1674,6,1,46
89,0,C5720,445,C1403,N1653,6,1,46
89,0,C5720,445,C1403,N1723,6,1,46
89,0,C5720,445,C1411,N1614,6,1,46
89,0,C5720,445,C1411,N1688,6,1,46
89,0,C5720,445,C1423,N1759,6,1,46
89,0,C5720,445,C149,N534,6,1,46
89,0,C5720,445,C1524,N1656,6,1,46
89,0,C5720,445,C1553,N1627,6,1,46
89,0,C5720,445,C1556,N1705,6,1,46
89,0,C5720,445,C1923,N1678,6,1,46
89,0,C5720,445,C2035,N1605,6,1,46
89,0,C5720,445,C2291,N1659,6,1,46
89,0,C5720,445,C2291,N1684,6,1,46
89,0,C5720,445,C235,N1707,6,1,46
89,0,C5720,445,C2372,N1594,6,1,46
89,0,C5720,445,C270,N541,6,1,46
89,0,C5720,445,C281,N1662,6,1,46
89,0,C5720,445,C311,N1640,6,1,46
89,0,C5720,445,C3333,N1647,6,1,46
89,0,C5720,445,C3462,N1664,6,1,46
89,0,C5720,445,C3865,N1610,6,1,46
89,0,C5720,445,C3890,N1638,6,1,46
89,0,C5720,445,C4,N1635,6,1,46
89,0,C5720,445,C4711,N1599,6,1,46
89,0,C5720,445,C5,N1685,6,1,46
89,0,C5720,445,C50,N1607,6,1,46
89,0,C5720,445,C5015,N1671,6,1,46
89,0,C5720,445,C532,N1706,6,1,46
89,0,C5720,445,C602,N1717,6,1,46
89,0,C5720,445,C624,N1729,6,1,46
89,0,C5720,445,C668,N1650,6,1,46
89,0,C5720,445,C674,N1603,6,1,46
89,0,C5720,445,C674,N1694,6,1,46
89,0,C5720,445,C684,N1642,6,1,46
89,0,C5720,445,C707,N1649,6,1,46
89,0,C5720,445,C735,N1609,6,1,46
89,0,C5720,445,C749,N1625,6,1,46
89,0,C5720,445,C76,N1652,6,1,46
89,0,C5720,445,C780,N1595,6,1,46
89,0,C5720,445,C807,N1604,6,1,46
89,0,C5720,445,C816,N1596,6,1,46
89,0,C5720,445,C896,N1748,6,1,46
89,0,C5720,445,C898,N1714,6,1,46
89,35,C23098,N11309,C7632,N77,6,10,592
89,38,C1015,N33,C1392,N1436,6,2,92
89,9,C3688,N5554,C3971,N46,6,3,144
90,0,C100,N973,C5720,445,6,1,46
90,0,C1002,N1665,C5720,445,6,1,46
90,0,C1019,N1699,C5720,445,6,1,46
90,0,C1039,N1628,C5720,445,6,1,46
90,0,C1051,N1713,C5720,445,6,1,46
90,0,C1059,N1742,C5720,445,6,1,46
90,0,C1059,N361,C5720,445,6,1,46
90,0,C1062,N1615,C5720,445,6,1,46
90,0,C1062,N1618,C5720,445,6,1,46
90,0,C1090,N1716,C5720,445,6,1,46
90,0,C1103,N1674,C5720,445,6,1,46
90,0,C1105,N1702,C5720,445,6,1,46
90,0,C1111,N1621,C5720,445,6,1,46
90,0,C1116,N1732,C5720,445,6,1,46
90,0,C1134,N1737,C5720,445,6,1,46
90,0,C1137,N1620,C5720,445,6,1,46
90,0,C1178,N1751,C5720,445,6,1,46
90,0,C1187,N1750,C5720,445,6,1,46
90,0,C1221,N1698,C5720,445,6,1,52
90,0,C1264,N1639,C5720,445,6,1,46
90,0,C1284,N1746,C5720,445,6,1,46
90,0,C1290,N1747,C5720,445,6,1,46
90,0,C1291,N1637,C5720,445,6,1,46
90,0,C1325,N1643,C5720,445,6,1,46
90,0,C1347,N1602,C5720,445,6,1,46
90,0,C1350,N1660,C5720,445,6,1,46
90,0,C1403,N1653,C5720,445,6,1,46
90,0,C1403,N1723,C5720,445,6,1,46
90,0,C1411,N1614,C5720,445,6,1,46
90,0,C1411,N1688,C5720,445,6,1,46
90,0,C1423,N1759,C5720,445,6,1,46
90,0,C1425,N1597,C5720,445,6,1,46
90,0,C1429,N1735,C5720,445,6,1,46
90,0,C144,N1704,C5720,445,6,1,46
90,0,C1443,N1682,C5720,445,6,1,46
90,0,C1445,N1669,C5720,445,6,1,46
90,0,C1468,N1695,C5720,445,6,1,46
90,0,C1488,N1672,C5720,445,6,1,46
90,0,C149,N534,C5720,445,6,1,46
90,0,C1517,N1686,C5720,445,6,1,46
90,0,C1520,N1022,C5720,445,6,1,46
90,0,C1524,N1656,C5720,445,6,1,46
90,0,C153,N1720,C5720,445,6,1,46
90,0,C1540,N1697,C5720,445,6,1,46
90,0,C1540,N1703,C5720,445,6,1,46
90,0,C1553,N1627,C5720,445,6,1,46
90,0,C1556,N1705,C5720,445,6,1,46
90,0,C1561,N1590,C5720,445,6,1,46
90,0,C1574,N1666,C5720,445,6,1,46
90,0,C16,N1663,C5720,445,6,1,46
90,0,C1649,N1743,C5720,445,6,1,46
90,0,C1650,N1708,C5720,445,6,1,46
90,0,C1655,N1592,C5720,445,6,1,46
90,0,C1685,N1,C577,N10961,6,4,413
90,0,C1685,N1,C577,N10963,6,4,414
90,0,C1712,N1598,C5720,445,6,1,46
90,0,C1717,N1730,C5720,445,6,1,46
90,0,C1726,N1752,C5720,445,6,1,46
90,0,C18,N1734,C5720,445,6,1,46
90,0,C1801,N1629,C5720,445,6,1,46
90,0,C1813,N1715,C5720,445,6,1,46
90,0,C1825,N1668,C5720,445,6,1,46
90,0,C1825,N1741,C5720,445,6,1,46
90,0,C1834,N1661,C5720,445,6,1,46
90,0,C1834,N1821,C5720,445,6,1,46
90,0,C1835,N1624,C5720,445,6,1,46
90,0,C1835,N1645,C5720,445,6,1,46
