ts,uid,srcip,srcport,dstip,dstport,proto,service,duration,orig_bytes,resp_bytes,conn_state,local_orig,local_resp,missed_bytes,history,orig_pkts,orig_ip_bytes,resp_pkts,resp_ip_bytes,tunnel_parents
1421927415.83019,CBDXbA4Eussj31IEXa,175451762,23357,14917112616,80,tcp,http,0.214392,194,12282,SF,False,0,ShADdFfa,12,900,24,25540,(empty),
1421927413.88743,Ccas3O1rdOHyJpgOA4,175451760,13284,14917112616,80,tcp,http,2.376792,188,0,SF,False,0,ShADFfa,14,1344,6,256,(empty),
1421927416.86651,CRopv04ElnoWfsd2F6,175451762,13792,14917112616,5555,tcp,,0.147026,3782,0,SF,False,0,ShADfFa,14,8156,6,256,(empty),
1421927417.83135,CAvpWB3kJudN6FNpxc,175451762,26939,14917112610,80,tcp,http,0.16306,200,0,SF,False,0,ShADfFa,10,832,6,256,(empty),
1421927418.8555,C2vEA61gE7Vdfwiqd9,175451760,39500,14917112615,80,tcp,http,0.167186,385,0,SF,False,0,ShADfFa,10,1202,6,256,(empty),
1421927414.03547,CczY8w3yJZI9n3C92g,5916605,3593,1491711265,53,udp,dns,0.001209,76,108,SF,False,0,Dd,2,132,2,164,(empty),
1421927414.03552,CeW39s1P7DUvZ3v3oh,5916603,49664,1491711260,53,udp,dns,0.001169,90,122,SF,False,0,Dd,2,146,2,178,(empty),
1421927414.12157,CjXIvlw4wCMyOD3W8,5916606,1464,1491711267,53,udp,dns,0.001119,90,122,SF,False,0,Dd,2,146,2,178,(empty),
1421927414.32156,Cv6fmEeaSoyOVBOhe,5916600,1390,1491711266,53,udp,dns,0.001055,76,108,SF,False,0,Dd,2,132,2,164,(empty),
1421927414.42157,COIQp24QJt3ill8QZb,5916606,2142,1491711264,53,udp,dns,0.001134,76,108,SF,False,0,Dd,2,132,2,164,(empty),
1421927414.52156,CM0V1q4jjZ2WcNh16k,5916604,49346,1491711265,53,udp,dns,0.001111,76,108,SF,False,0,Dd,2,132,2,164,(empty),
1421927414.62156,Cv3uzE2XjqDrcVai9h,5916601,48847,1491711265,53,udp,dns,0.001093,76,108,SF,False,0,Dd,2,132,2,164,(empty),
1421927414.92156,Cc2qY623qWpsM1iRP,5916607,12660,1491711264,53,udp,dns,0.001167,76,108,SF,False,0,Dd,2,132,2,164,(empty),
1421927415.02156,CsdnmJ1l1kdbivIP73,5916605,40726,1491711266,53,udp,dns,0.001126,90,122,SF,False,0,Dd,2,146,2,178,(empty),
1421927419.90238,CFFeg32tVjkRpkJmm3,175451760,29309,14917112614,3000,tcp,,0.175114,200,0,SF,False,0,ShADfFa,10,832,6,256,(empty),
1421927415.22157,Cfpew3Li8MA52OnCg,5916602,62539,1491711264,53,udp,dns,0.001128,76,108,SF,False,0,Dd,2,132,2,164,(empty),
1421927415.52157,CQXV1L2FpgNgutytE1,5916600,22848,1491711261,53,udp,dns,0.001164,90,122,SF,False,0,Dd,2,146,2,178,(empty),
1421927415.62156,C1fRWV11jaz087I6n5,5916608,25100,1491711269,53,udp,dns,0.001196,90,122,SF,False,0,Dd,2,146,2,178,(empty),
1421927415.72156,CPdWHf1mxrhF7MhsTe,5916608,24946,1491711262,53,udp,dns,0.001122,76,108,SF,False,0,Dd,2,132,2,164,(empty),
1421927415.82157,CzDYMW3irmnNnvQP2b,5916602,26872,1491711268,53,udp,dns,0.001082,76,108,SF,False,0,Dd,2,132,2,164,(empty),
1421927415.92157,C89SKw2Fo2iwkE7pGk,5916605,28565,1491711269,53,udp,dns,0.001127,76,108,SF,False,0,Dd,2,132,2,164,(empty),
1421927416.02156,CWrrA43ntcNrKTGGZi,5916601,29704,1491711261,53,udp,dns,0.001101,76,108,SF,False,0,Dd,2,132,2,164,(empty),
1421927420.92165,CUdZOv2uRruBCpTY3j,175451760,61089,14917112618,80,tcp,http,0.235721,180,300,SF,False,0,ShADdFfa,10,792,8,936,(empty),
1421927416.22158,CXFX7l1BNGq5Nt4Pz2,5916607,46719,1491711264,53,udp,dns,0.001073,76,108,SF,False,0,Dd,2,132,2,164,(empty),
1421927416.32158,CvYVxQ1LeGU9hsfGjj,5916603,4192,1491711269,53,udp,dns,0.001101,76,108,SF,False,0,Dd,2,132,2,164,(empty),
1421927416.42156,CEz30R2hN2PPbrbjAh,5916609,5685,1491711266,53,udp,dns,0.001141,90,122,SF,False,0,Dd,2,146,2,178,(empty),
1421927416.52159,CqnbRk34sKhpXoGWa8,5916607,6438,1491711268,53,udp,dns,0.0011,76,108,SF,False,0,Dd,2,132,2,164,(empty),
1421927419.0453,CMnJPek1uUhxnBvia,175451760,23910,14917112615,80,tcp,http,2.570808,368,0,SF,False,0,ShADFfa,14,2064,6,256,(empty),
1421927416.62158,CEg9YG6rkNp419FR9,5916603,44759,1491711261,53,udp,dns,0.001082,76,108,SF,False,0,Dd,2,132,2,164,(empty),
1421927421.21467,CBZ1ST1QDMN4n1Zsv2,175451760,4159,14917112618,80,tcp,http,0.414846,197,276,SF,False,0,ShADadFf,10,826,10,968,(empty),
1421927416.72158,C6ey89kGS2YKEqubc,5916600,9897,1491711268,53,udp,dns,0.001092,76,108,SF,False,0,Dd,2,132,2,164,(empty),
1421927416.82158,CX4Duw4eVgcjviRSKd,5916604,38902,1491711267,53,udp,dns,0.001094,76,108,SF,False,0,Dd,2,132,2,164,(empty),
1421927416.92153,Czouan3vKxMOSrkgJg,5916604,35578,1491711268,53,udp,dns,0.001017,90,122,SF,False,0,Dd,2,146,2,178,(empty),
1421927417.02156,C5C7eK2RVmX8dwqowk,5916607,36998,1491711266,53,udp,dns,0.001058,90,122,SF,False,0,Dd,2,146,2,178,(empty),
1421927421.98491,CtaJqZ3lArqrv68PZd,175451763,44762,14917112612,80,tcp,http,0.184968,192,1788,SF,False,0,ShADdFfa,10,816,10,3992,(empty),
1421927417.22158,CIotMc44BeZfwCVMkf,5916608,1416,1491711260,53,udp,dns,0.001126,90,122,SF,False,0,Dd,2,146,2,178,(empty),
1421927417.52159,C6UfYF1xGQIIYGog51,5916606,60756,1491711262,53,udp,dns,0.001201,74,106,SF,False,0,Dd,2,130,2,162,(empty),
1421927417.62158,CAk0ia27TRAdC3xTUk,5916604,26778,1491711266,53,udp,dns,0.001122,90,122,SF,False,0,Dd,2,146,2,178,(empty),
1421927417.72158,C9wYPv2Lf0T8KUZ16j,5916603,54634,1491711263,53,udp,dns,0.001089,76,108,SF,False,0,Dd,2,132,2,164,(empty),
1421927417.82159,CHEHR03UfDhhP60ctg,5916602,58304,1491711264,53,udp,dns,0.001089,76,108,SF,False,0,Dd,2,132,2,164,(empty),
1421927417.92159,CunzIT1B559QcaiTv2,5916601,52335,1491711269,53,udp,dns,0.001152,76,108,SF,False,0,Dd,2,132,2,164,(empty),
1421927418.02159,CRE9lN2fM4PsfxkEqj,5916602,47526,1491711265,53,udp,dns,0.001044,90,122,SF,False,0,Dd,2,146,2,178,(empty),
1421927423.09196,CmezSb1E2TePzGj995,175451762,43850,14917112613,80,tcp,http,0.182141,216,4429,SF,False,0,ShADdFfa,10,864,14,9434,(empty),
1421927418.32161,CN2UMcsKvnqZU6ZK9,5916608,7419,1491711261,53,udp,dns,0.001126,76,108,SF,False,0,Dd,2,132,2,164,(empty),
1421927418.5216,CMKJEf2zbAaP3qWdN3,5916606,10510,1491711265,53,udp,dns,0.001108,74,106,SF,False,0,Dd,2,130,2,162,(empty),
1421927418.7216,CvUggN1BALsiYCVgk2,5916605,13903,1491711267,53,udp,dns,0.001112,76,108,SF,False,0,Dd,2,132,2,164,(empty),
1421927419.22162,CUyHcBcTuXqDaEJJ7,5916602,58771,1491711268,53,udp,dns,0.001123,76,108,SF,False,0,Dd,2,132,2,164,(empty),
1421927419.32161,CPDE3648nrhotx16be,5916601,24551,1491711265,53,udp,dns,0.001066,76,108,SF,False,0,Dd,2,132,2,164,(empty),
1421927419.42161,CTKQRq4Co5wVcUAYKb,5916606,25689,1491711264,53,udp,dns,0.001079,76,108,SF,False,0,Dd,2,132,2,164,(empty),
1421927419.82163,CVxBRa4XMkHNTPbfW,5916602,32716,1491711267,53,udp,dns,0.001135,76,108,SF,False,0,Dd,2,132,2,164,(empty),
1421927419.92161,CL9t1R3ScrwHmXSgse,5916608,47061,1491711261,53,udp,dns,0.001087,90,122,SF,False,0,Dd,2,146,2,178,(empty),
1421927420.02161,C0SGFP6aaYYJ7Ndv7,5916605,49910,1491711265,53,udp,dns,0.001044,74,106,SF,False,0,Dd,2,130,2,162,(empty),
1421927420.12164,CigQnA53DB1bC6xa,5916609,41515,1491711265,53,udp,dns,0.001091,74,106,SF,False,0,Dd,2,130,2,162,(empty),
1421927424.95049,CjW2E22X04qhWXD4yb,175451761,4765,14917112613,80,tcp,http,0.230083,150,479,SF,False,0,ShADdFfa,10,732,8,1294,(empty),
1421927420.22162,CMOBdn3KsgR74gfZHg,5916608,44119,1491711262,53,udp,dns,0.001091,74,106,SF,False,0,Dd,2,130,2,162,(empty),
1421927420.42164,CeUYsu3IBLUzB5vFd,5916603,40309,1491711261,53,udp,dns,0.001105,76,108,SF,False,0,Dd,2,132,2,164,(empty),
1421927425.21656,CJc2OJ1uopIMY4f763,175451761,52726,14917112613,80,tcp,http,0.455026,166,425,SF,False,0,ShADadFf,10,764,10,1266,(empty),
1421927420.72162,C9Wc7F3ahQ3239yTP2,5916606,15807,1491711267,53,udp,dns,0.001118,76,108,SF,False,0,Dd,2,132,2,164,(empty),
1421927420.92163,CiaBl7bnHQNqdMiHa,5916602,19393,1491711260,53,udp,dns,0.001118,76,108,SF,False,0,Dd,2,132,2,164,(empty),
1421927421.12166,C96t2m1SEXb21AXac4,5916606,57983,1491711260,53,udp,dns,0.00112,76,108,SF,False,0,Dd,2,132,2,164,(empty),
1421927421.32163,CuY9xN2yE7OOX362qj,5916601,26719,1491711260,53,udp,dns,0.001087,90,122,SF,False,0,Dd,2,146,2,178,(empty),
1421927421.42164,Cahhwj3s1cS6vkPDQh,5916607,57137,1491711267,53,udp,dns,0.001111,76,108,SF,False,0,Dd,2,132,2,164,(empty),
1421927421.92164,CJnXht41CqGDq1Urgc,5916609,4864,1491711267,53,udp,dns,0.001214,90,122,SF,False,0,Dd,2,146,2,178,(empty),
1421927422.02165,CH1HoA1zPI8BEsHwIc,5916606,6379,1491711266,53,udp,dns,0.00108,90,122,SF,False,0,Dd,2,146,2,178,(empty),
1421927422.12167,CaJF6n4xiPwlPeGSXf,5916607,34944,1491711260,53,udp,dns,0.001073,76,108,SF,False,0,Dd,2,132,2,164,(empty),
1421927422.22165,CkNauz3RgVO3OTlB56,5916605,13987,1491711260,53,udp,dns,0.00106,74,106,SF,False,0,Dd,2,130,2,162,(empty),
1421927422.32166,Chfnd613HQSRc58jc9,5916603,40146,1491711264,53,udp,dns,0.001176,76,108,SF,False,0,Dd,2,132,2,164,(empty),
1421927427.19907,Cs37xz1CJ3eUWG3e24,175451760,9590,14917112610,6661,tcp,,0.157041,268,0,SF,False,0,ShADfFa,10,968,6,256,(empty),
1421927422.42165,CLDI9kq8PFP3eGlml,5916601,35110,1491711263,53,udp,dns,0.001126,76,108,SF,False,0,Dd,2,132,2,164,(empty),
1421927422.52166,CBuDMn2KU7eBdfwiii,5916608,37848,1491711268,53,udp,dns,0.001166,76,108,SF,False,0,Dd,2,132,2,164,(empty),
1421927422.62165,CjaLOd3O2BZ8PCwcC3,5916606,16859,1491711261,53,udp,dns,0.001064,76,108,SF,False,0,Dd,2,132,2,164,(empty),
1421927422.72165,C6woWt1mW7UMmPntF,5916608,62676,1491711263,53,udp,dns,0.001061,76,108,SF,False,0,Dd,2,132,2,164,(empty),
1421927422.82166,CyZ88i2RI7kqM1XYM8,5916603,1809,1491711260,53,udp,dns,0.001128,76,108,SF,False,0,Dd,2,132,2,164,(empty),
1421927422.92165,C9Q7owTvvDWPCG0v6,5916604,61452,1491711260,53,udp,dns,0.001125,90,122,SF,False,0,Dd,2,146,2,178,(empty),
1421927427.18553,CokrYw4hkZbrP19aLd,175451760,36918,14917112617,80,tcp,http,0.871658,187,68574,SF,False,0,ShADdFfa,26,1446,114,141724,(empty),
1421927423.32167,COl4ja4glDN64Nv9U,5916609,30521,1491711266,53,udp,dns,0.001083,90,122,SF,False,0,Dd,2,146,2,178,(empty),
1421927428.02972,CaBRWz4QTfvVkyqERe,175451760,27804,14917112616,111,tcp,,0.686963,60,0,SF,False,0,ShADafF,10,552,8,336,(empty),
1421927423.72166,CR4RbTIiMwflLIxa,5916606,4318,1491711265,53,udp,dns,0.001112,90,122,SF,False,0,Dd,2,146,2,178,(empty),
1421927423.82167,CtZwHl4j54tQvBl30d,5916606,45430,1491711261,53,udp,dns,0.001069,74,106,SF,False,0,Dd,2,130,2,162,(empty),
1421927424.12171,C20B4lhSFN3E5MOX8,5916604,17491,1491711260,53,udp,dns,0.001256,76,108,SF,False,0,Dd,2,132,2,164,(empty),
1421927424.22167,COOBVm2AbnFD1nsNAl,5916609,14309,1491711263,53,udp,dns,0.001141,90,122,SF,False,0,Dd,2,146,2,178,(empty),
1421927424.32168,Cexs5a3OcTarZ9YVoi,5916602,37437,1491711264,53,udp,dns,0.001185,74,106,SF,False,0,Dd,2,130,2,162,(empty),
1421927429.05523,CbW7AGn6RbGsyJOPj,175451762,63163,14917112611,8080,tcp,http,0.271985,395,412,SF,False,0,ShADdfFa,12,1302,8,1160,(empty),
1421927424.52168,C7JfR24VRowYexyTZb,5916607,19947,1491711260,53,udp,dns,0.001185,74,106,SF,False,0,Dd,2,130,2,162,(empty),
1421927424.62168,C1jrNp4iNINR293L7k,5916607,1929,1491711264,53,udp,dns,0.001067,76,108,SF,False,0,Dd,2,132,2,164,(empty),
1421927424.72169,Cc1y7E26bBbcYRfc9h,5916604,59256,1491711268,53,udp,dns,0.001095,74,106,SF,False,0,Dd,2,130,2,162,(empty),
1421927429.99175,CuwqVfzMGxMQ7TkP1,175451763,23776,14917112612,80,tcp,http,0.178518,251,0,SF,False,0,ShADfFa,10,934,6,256,(empty),
1421927425.22169,CNsX6Q3XS8Yc3vaTe7,5916607,51164,1491711264,53,udp,dns,0.001055,90,122,SF,False,0,Dd,2,146,2,178,(empty),
1421927425.72169,Cx5anq3EHrn1qJ9shk,5916602,8931,1491711260,53,udp,dns,0.001094,74,106,SF,False,0,Dd,2,130,2,162,(empty),
1421927425.82169,CJQNiL2eKXvPVXcqE1,5916605,39193,1491711266,53,udp,dns,0.001107,90,122,SF,False,0,Dd,2,146,2,178,(empty),
1421927425.92169,C0beOI3T65QXIHjKff,5916603,11600,1491711260,53,udp,dns,0.001023,74,106,SF,False,0,Dd,2,130,2,162,(empty),
1421927426.02169,CIp3DC1kwMj7vBQoW2,5916604,12252,1491711261,53,udp,dns,0.001109,74,106,SF,False,0,Dd,2,130,2,162,(empty),
1421927430.99404,Cg1aEz3qMD0uRLyVHc,175451762,45388,14917112618,80,tcp,http,0.165441,350,0,SF,False,0,ShADfFa,10,1132,6,256,(empty),
1421927426.32173,Ct6Zbx2cSoFDA34EEk,5916605,1344,1491711265,53,udp,dns,0.001135,76,108,SF,False,0,Dd,2,132,2,164,(empty),
1421927426.42172,C5HHl43a5ZhqPkkLZi,5916604,20571,1491711267,53,udp,dns,0.0011,76,108,SF,False,0,Dd,2,132,2,164,(empty),
1421927426.62172,CCCzdl1sl0AkqHqgC2,5916602,25822,1491711261,53,udp,dns,0.001148,90,122,SF,False,0,Dd,2,146,2,178,(empty),
1421927426.72171,CiJofQ1qOVjNj9Xgmj,5916603,25557,1491711261,53,udp,dns,0.001035,76,108,SF,False,0,Dd,2,132,2,164,(empty),
1421927426.82171,CZIwFQ2kbAPuvTTozh,5916606,27338,1491711262,53,udp,dns,0.001083,90,122,SF,False,0,Dd,2,146,2,178,(empty),
1421927426.92172,CF1lZk3DfJ3rhLG2b8,5916600,28852,1491711263,53,udp,dns,0.001207,76,108,SF,False,0,Dd,2,132,2,164,(empty),
1421927427.02172,CPAdKGzzvtg8miVP9,5916606,53847,1491711265,53,udp,dns,0.001117,90,122,SF,False,0,Dd,2,146,2,178,(empty),
1421927427.12174,CBovA91GViZauSB9c,5916604,48170,1491711260,53,udp,dns,0.00112,90,122,SF,False,0,Dd,2,146,2,178,(empty),
1421927427.22172,CYx4f04r7j6HO74io5,5916603,46822,1491711263,53,udp,dns,0.001034,76,108,SF,False,0,Dd,2,132,2,164,(empty),
1421927427.42172,CsIFXd4guFPIK2pjqd,5916600,6211,1491711263,53,udp,dns,0.001175,90,122,SF,False,0,Dd,2,146,2,178,(empty),
1421927427.52168,CZOheteVLbsi2EQw8,5916603,42094,1491711260,53,udp,dns,0.00109,76,108,SF,False,0,Dd,2,132,2,164,(empty),
1421927427.62173,ChbUvXYWLuLc579K6,5916606,8569,1491711262,53,udp,dns,0.001106,76,108,SF,False,0,Dd,2,132,2,164,(empty),
1421927427.82172,CVByiKeYS6MO4daZa,5916601,13156,1491711269,53,udp,dns,0.001104,74,106,SF,False,0,Dd,2,130,2,162,(empty),
1421927431.98207,CxKJvwPhmRxGVcL5l,175451760,30003,14917112614,143,tcp,,0.976683,121,64030,SF,False,0,ShAdDFfa,32,1554,116,132716,(empty),
1421927428.12175,CQpavC1tBPX0lJlZW2,5916605,22160,1491711267,53,udp,dns,0.001149,76,108,SF,False,0,Dd,2,132,2,164,(empty),
1421927428.22173,Ct3QU21KppAUXdDNO5,5916604,64521,1491711269,53,udp,dns,0.001084,90,122,SF,False,0,Dd,2,146,2,178,(empty),
1421927428.72174,CMz1nz1VNhTY5FSY24,5916604,28228,1491711261,53,udp,dns,0.001164,76,108,SF,False,0,Dd,2,132,2,164,(empty),
1421927433.22167,C7Ge7a2B7xqKBLlEQ2,175451761,47096,14917112616,111,tcp,,0.617811,60,0,SF,False,0,ShADafF,10,552,8,336,(empty),
1421927428.92174,C0iJOw48DSL8IgDvQ9,5916600,32302,1491711267,53,udp,dns,0.001155,76,108,SF,False,0,Dd,2,132,2,164,(empty),
1421927429.02174,Cz3As9cJfWqX3uNb8,5916600,53052,1491711269,53,udp,dns,0.001127,76,108,SF,False,0,Dd,2,132,2,164,(empty),
1421927429.22176,CmyGjT2386d6TijRph,5916606,5702,1491711264,53,udp,dns,0.001097,76,108,SF,False,0,Dd,2,132,2,164,(empty),
1421927429.32174,CSBK5e33A8LGIK0DC4,5916607,45400,1491711265,53,udp,dns,0.001124,90,122,SF,False,0,Dd,2,146,2,178,(empty),
1421927429.62176,C9DFiO1Ycqr7fSdE0c,5916601,41574,1491711263,53,udp,dns,0.00114,76,108,SF,False,0,Dd,2,132,2,164,(empty),
1421927429.72176,CXSjDp448ZV6OMGCge,5916605,13226,1491711265,53,udp,dns,0.001304,76,108,SF,False,0,Dd,2,132,2,164,(empty),
1421927434.10792,CqZJ3IodRyrg3aBU7,175451763,9002,14917112619,111,tcp,,0.618386,60,0,SF,False,0,ShADafF,10,552,8,336,(empty),
1421927429.82176,CFKmJ24qLHxmx8oSE7,5916600,34652,1491711263,53,udp,dns,0.001152,74,106,SF,False,0,Dd,2,130,2,162,(empty),
1421927429.92176,CqfPFEKNErhUSya2a,5916608,17542,1491711264,53,udp,dns,0.001127,76,108,SF,False,0,Dd,2,132,2,164,(empty),
1421927430.02175,CpJnn74mOlF8BT93ed,5916607,18688,1491711265,53,udp,dns,0.001106,90,122,SF,False,0,Dd,2,146,2,178,(empty),
1421927430.22176,CdWJtd1n840ZRrYq8h,5916600,23585,1491711260,53,udp,dns,0.001107,90,122,SF,False,0,Dd,2,146,2,178,(empty),
1421927435.1023,CKQxZe1ifjT7n5Mha,175451761,12940,14917112616,80,tcp,http,0.216198,217,327,SF,False,0,ShADdFfa,10,866,8,990,(empty),
1421927430.62176,CDswA62ZE6XV5OvIQ,5916602,57325,1491711262,53,udp,dns,0.001186,74,106,SF,False,0,Dd,2,130,2,162,(empty),
1421927430.72177,C5KV6U2vAzPePLA4Bj,5916609,30978,1491711260,53,udp,dns,0.001098,76,108,SF,False,0,Dd,2,132,2,164,(empty),
1421927430.92177,Cja1l61WoGOJl6p7Xf,5916601,46386,1491711261,53,udp,dns,0.001121,76,108,SF,False,0,Dd,2,132,2,164,(empty),
1421927431.02179,CAmmSM1TI9TcDaf8l2,5916605,49954,1491711268,53,udp,dns,0.001063,76,108,SF,False,0,Dd,2,132,2,164,(empty),
1421927431.2218,CmJqYh2VaP0yO1nMC3,5916605,44442,1491711260,53,udp,dns,0.001062,76,108,SF,False,0,Dd,2,132,2,164,(empty),
1421927436.11312,CRtQn32BOsOhHYMmlf,175451763,26334,14917112616,80,tcp,http,0.191336,177,2460,SF,False,0,ShADdFfa,10,786,10,5336,(empty),
1421927431.42178,CtN52BeZQvGe7GAL7,5916604,11620,1491711268,53,udp,dns,0.001138,90,122,SF,False,0,Dd,2,146,2,178,(empty),
1421927431.52178,CpQq5fq1SzLeer2ha,5916606,12731,1491711260,53,udp,dns,0.001087,76,108,SF,False,0,Dd,2,132,2,164,(empty),
1421927431.72179,C8k1ta46CvaLr0ndvf,5916607,16524,1491711263,53,udp,dns,0.00109,76,108,SF,False,0,Dd,2,132,2,164,(empty),
1421927432.0218,Crtl4s4EbLNJsiya,5916601,59760,1491711260,53,udp,dns,0.001108,76,108,SF,False,0,Dd,2,132,2,164,(empty),
1421927432.22181,CJTzDY2nhGVCM9pbo3,5916605,26325,1491711269,53,udp,dns,0.001077,90,122,SF,False,0,Dd,2,146,2,178,(empty),
1421927432.32179,CGyOgI1F8GSE1BbJU,5916604,57620,1491711262,53,udp,dns,0.001094,90,122,SF,False,0,Dd,2,146,2,178,(empty),
1421927432.42181,CSXqv32oSZl1uoZDlf,5916600,51670,1491711267,53,udp,dns,0.001059,76,108,SF,False,0,Dd,2,132,2,164,(empty),
1421927432.52181,C7dReF3GlxFZy9ALEd,5916604,50226,1491711266,53,udp,dns,0.001098,76,108,SF,False,0,Dd,2,132,2,164,(empty),
1421927432.62181,CvIy6d48cPyIkuurf8,5916604,54178,1491711262,53,udp,dns,0.001085,74,106,SF,False,0,Dd,2,130,2,162,(empty),
1421927432.72181,CugJAuwefro2BWSF6,5916600,53212,1491711261,53,udp,dns,0.001044,76,108,SF,False,0,Dd,2,132,2,164,(empty),
1421927432.82182,CGF5C01NtZg8gyLy4j,5916605,3929,1491711260,53,udp,dns,0.001054,76,108,SF,False,0,Dd,2,132,2,164,(empty),
1421927433.02178,C26Gd7CoNX3Ij8THa,5916602,45773,1491711264,53,udp,dns,0.001095,74,106,SF,False,0,Dd,2,130,2,162,(empty),
1421927433.32183,CBCPdG1s0KpaboStx5,5916609,13190,1491711266,53,udp,dns,0.001099,76,108,SF,False,0,Dd,2,132,2,164,(empty),
1421927438.13058,CHal1e4XPB2mu1U4pd,175451763,31149,14917112611,80,tcp,http,0.211759,198,536,SF,False,0,ShADdFfa,10,828,8,1408,(empty),
1421927433.52183,CmWLEN2N2CmsNMSspj,5916607,16464,1491711262,53,udp,dns,0.001107,76,108,SF,False,0,Dd,2,132,2,164,(empty),
1421927433.62182,CD0Z1U1p4nl7l0xHu2,5916602,17916,1491711265,53,udp,dns,0.001096,90,122,SF,False,0,Dd,2,146,2,178,(empty),
1421927433.82183,C1KNgA1l7PB42Flg9,5916603,59680,1491711263,53,udp,dns,0.001083,74,106,SF,False,0,Dd,2,130,2,162,(empty),
1421927433.92183,C3ma3g2ZPfpwaTNVRl,5916605,23282,1491711269,53,udp,dns,0.001095,76,108,SF,False,0,Dd,2,132,2,164,(empty),
1421927434.12185,Cmdkv63pdGpfXRiae9,5916600,31547,1491711262,53,udp,dns,0.001078,76,108,SF,False,0,Dd,2,132,2,164,(empty),
1421927434.22182,CAb0ZjfKoTRaE0846,5916602,56626,1491711267,53,udp,dns,0.001024,90,122,SF,False,0,Dd,2,146,2,178,(empty),
1421927434.52184,CTXLJz3rMBe9DZUmKc,5916603,1371,1491711265,53,udp,dns,0.00112,76,108,SF,False,0,Dd,2,132,2,164,(empty),
1421927434.72183,CLeBZq4fP8l56MrnKb,5916607,5470,1491711269,53,udp,dns,0.000997,90,122,SF,False,0,Dd,2,146,2,178,(empty),
1421927439.15522,CCewinnNsTZgwryt9,175451761,24289,14917112619,25,tcp,smtp,0.735848,1289,503,SF,False,0,ShAdDFfa,20,3410,20,1822,(empty),
1421927435.02184,CyZlkBRMyxyZOBaJ7,5916607,12090,1491711263,53,udp,dns,0.001125,90,122,SF,False,0,Dd,2,146,2,178,(empty),
1421927435.12186,C2CF6o29zm0lMB5H9d,5916604,18442,1491711260,53,udp,dns,0.001068,90,122,SF,False,0,Dd,2,146,2,178,(empty),
1421927435.22184,C32uHa4p1g56fwIZwf,5916603,34198,1491711266,53,udp,dns,0.001034,76,108,SF,False,0,Dd,2,132,2,164,(empty),
1421927435.42184,CwYD4u3KOSmMYRJQSg,5916607,17961,1491711262,53,udp,dns,0.001099,74,106,SF,False,0,Dd,2,130,2,162,(empty),
1421927435.52185,CCOuAH2ABTksZZYS2k,5916602,62538,1491711269,53,udp,dns,0.001079,76,108,SF,False,0,Dd,2,132,2,164,(empty),
1421927435.72185,CMLRBC28AjWbNjCUxi,5916608,58414,1491711269,53,udp,dns,0.001122,76,108,SF,False,0,Dd,2,132,2,164,(empty),
1421927440.1107,Ch9a9e3Ul9pFPRpyB4,175451760,43666,14917112619,25,tcp,smtp,0.613151,983,272,SF,False,0,ShAdDfFa,18,2718,16,1200,(empty),
1421927436.02186,CjrSBI1QEJCoa0YFV,5916606,28229,1491711263,53,udp,dns,0.001138,76,108,SF,False,0,Dd,2,132,2,164,(empty),
1421927436.42187,CaBLCc4rtDL3KPfbh8,5916602,49540,1491711267,53,udp,dns,0.001116,76,108,SF,False,0,Dd,2,132,2,164,(empty),
1421927436.62187,CTI03n3uL9Fb6haQJg,5916600,6686,1491711264,53,udp,dns,0.001066,76,108,SF,False,0,Dd,2,132,2,164,(empty),
1421927437.02188,C2NKpa2K8PHsUFCmR2,5916608,40814,1491711269,53,udp,dns,0.001099,76,108,SF,False,0,Dd,2,132,2,164,(empty),
1421927437.1219,CaOe8G1tSLVPyrESz5,5916600,21048,1491711267,53,udp,dns,0.00109,76,108,SF,False,0,Dd,2,132,2,164,(empty),
1421927437.32187,C3ZDdN2evfI8s31erj,5916602,63409,1491711262,53,udp,dns,0.001128,90,122,SF,False,0,Dd,2,146,2,178,(empty),
1421927437.42187,CgSryT1MkvjSYDWDw2,5916608,64882,1491711262,53,udp,dns,0.001265,74,106,SF,False,0,Dd,2,130,2,162,(empty),
1421927437.52188,CCSRqm1KHuRKuKzmb4,5916600,22344,1491711262,53,udp,dns,0.001128,74,106,SF,False,0,Dd,2,130,2,162,(empty),
1421927437.72187,CmKcIA1qKzfMNQLj9,5916607,61379,1491711264,53,udp,dns,0.001098,74,106,SF,False,0,Dd,2,130,2,162,(empty),
1421927437.82187,CcEGOf2Upd7ZCrvaSl,5916609,54957,1491711263,53,udp,dns,0.001107,90,122,SF,False,0,Dd,2,146,2,178,(empty),
1421927438.02188,CvypWHvkrzegdJwV7,5916601,50629,1491711267,53,udp,dns,0.001132,74,106,SF,False,0,Dd,2,130,2,162,(empty),
1421927417.72293,CHYxKN48wiEeeuhY6,5916603,58220,1491711264,80,tcp,http,25.374005,314,148,SF,False,0,ShADadfF,8,1052,10,824,(empty),
1421927442.92327,CdXD0C1rEOG2HFVCi1,5916604,22336,1491711266,80,tcp,http,0.173663,314,148,SF,False,0,ShADadfF,8,1052,10,824,(empty),
1421927414.42289,CU0Jbj2N15fsunXrq,5916606,50089,1491711269,80,tcp,http,28.679592,314,148,SF,False,0,ShADadfF,8,1052,10,824,(empty),
1421927422.6229,CGoV264jCM6dZ2Ubce,5916606,62669,1491711262,80,tcp,http,20.480993,314,148,SF,False,0,ShADadfF,8,1052,10,824,(empty),
1421927431.22319,CWGPS54wUnSl6AHWce,5916605,10230,1491711260,80,tcp,http,11.883029,314,148,SF,False,0,ShADadfF,8,1052,10,824,(empty),
1421927431.72308,CaOp2c1zkswO4OXp85,5916607,64065,1491711263,80,tcp,http,11.384284,314,148,SF,False,0,ShADadfF,8,1052,10,824,(empty),
1421927414.32284,C62Y7x1BHyNmPtT9x3,5916600,3231,1491711265,80,tcp,http,28.787967,314,148,SF,False,0,ShADadfF,8,1052,10,824,(empty),
1421927437.02319,CwZMMT3JDifA4n2HWe,5916608,34443,1491711267,80,tcp,http,6.090698,314,148,SF,False,0,ShADadfF,8,1052,10,824,(empty),
1421927422.82302,CXXSLH2yBnIzgA751k,5916603,21777,1491711262,80,tcp,http,20.290865,314,148,SF,False,0,ShADadfF,8,1052,10,824,(empty),
1421927416.02283,CEGn7KhjfF3qRlQr4,5916601,50815,1491711260,80,tcp,http,27.092208,314,148,SF,False,0,ShADadfF,8,1052,10,824,(empty),
1421927430.72332,Cd2xjkyaRC2Zbi256,5916609,54017,1491711261,80,tcp,http,12.394058,314,148,SF,False,0,ShADadfF,8,1052,10,824,(empty),
1421927416.82289,CL9jcz1n1fQ4wj3Q44,5916604,40460,1491711261,80,tcp,http,26.294684,314,148,SF,False,0,ShADadfF,8,1052,10,824,(empty),
1421927426.42302,CRXrqKEBGoNuEZ7r4,5916604,22269,1491711269,80,tcp,http,16.695947,305,148,SF,False,0,ShADadfF,8,1034,10,824,(empty),
1421927419.82298,Cl3WSF4IdRxKIJzItb,5916602,1643,1491711265,80,tcp,http,23.296417,314,148,SF,False,0,ShADadfF,8,1052,10,824,(empty),
1421927428.9231,CbZ1mt2T2vfvCX7NNl,5916600,47184,1491711261,80,tcp,http,14.196726,314,148,SF,False,0,ShADadfF,8,1052,10,824,(empty),
1421927420.92296,CAkyAN3DC8Piw8FY6,5916602,21003,1491711269,80,tcp,http,22.197905,314,148,SF,False,0,ShADadfF,8,1052,10,824,(empty),
1421927428.72324,CMfB704mg10kEvTlac,5916604,29776,1491711269,80,tcp,http,14.397633,314,148,SF,False,0,ShADadfF,8,1052,10,824,(empty),
1421927419.22302,Cc0Lgd3fUliwmZHCD3,5916602,24697,1491711267,80,tcp,http,23.898402,314,148,SF,False,0,ShADadfF,8,1052,10,824,(empty),
1421927438.12192,ChiezI3Lpo8yGVBghf,5916605,42591,1491711263,53,udp,dns,0.00108,76,108,SF,False,0,Dd,2,132,2,164,(empty),
1421927436.42324,Cjvp4K2kS4gzdFq8xk,5916602,49150,1491711267,80,tcp,http,6.699661,314,148,SF,False,0,ShADadfF,8,1052,10,824,(empty),
1421927438.62343,CaQma6dBF8qQ1Eg2b,5916606,10963,1491711264,80,tcp,http,4.501423,314,148,SF,False,0,ShADadfF,8,1052,10,824,(empty),
1421927421.12298,CXXXXB3xzG6VZ0zvzc,5916606,50778,1491711260,80,tcp,http,22.0039,314,148,SF,False,0,ShADadfF,8,1052,10,824,(empty),
1421927416.52291,CscAI737L0j46oaHTh,5916607,8200,1491711264,80,tcp,http,26.603971,314,148,SF,False,0,ShADadfF,8,1052,10,824,(empty),
1421927441.12336,CZb3Bs3Seup5g2DB6k,5916608,29249,1491711266,80,tcp,http,2.005525,314,148,SF,False,0,ShADadfF,8,1052,10,824,(empty),
1421927440.32323,Cq7ljj2m7WWufHKSp,5916603,9246,1491711268,80,tcp,http,2.808637,314,148,SF,False,0,ShADadfF,8,1052,10,824,(empty),
1421927443.12793,CG0chq4cafqwoJ7lYb,5916600,17707,1491711263,25740,tcp,ftp-data,0.014103,0,701,SF,False,0,ShAdfFa,6,320,8,1826,(empty),
1421927432.02313,ChyUGC2rNvEgNGjjAi,5916601,59390,1491711266,80,tcp,http,11.130745,314,148,SF,False,0,ShADadfF,8,1052,10,824,(empty),
1421927422.52305,CL8z9BdTKGIP2O0L7,5916608,18211,1491711268,80,tcp,http,20.631858,314,148,SF,False,0,ShADadfF,8,1052,10,824,(empty),
1421927416.22283,C3USyj48dg9disTetc,5916607,4567,1491711264,80,tcp,http,26.932086,314,148,SF,False,0,ShADadfF,8,1052,10,824,(empty),
1421927422.12295,Cy4aGo16vbAnYL5aH4,5916607,16315,1491711263,80,tcp,http,21.033412,314,148,SF,False,0,ShADadfF,8,1052,10,824,(empty),
1421927440.92322,COX7Y22KEa1cEirOS4,5916601,18694,1491711260,80,tcp,http,2.234089,314,148,SF,False,0,ShADadfF,8,1052,10,824,(empty),
1421927443.14094,C9BuDH1p6uSgkQ4xq3,5916603,14387,1491711267,25740,tcp,ftp-data,0.018943,0,701,SF,False,0,ShAdfFa,6,320,8,1826,(empty),
1421927438.12323,Cd23Af1QSZ3UFGbeF1,5916605,39375,1491711266,80,tcp,http,5.041935,314,148,SF,False,0,ShADadfF,8,1052,10,824,(empty),
1421927441.62327,CGze872gUZyqxIL7P,5916607,31613,1491711265,80,tcp,http,1.54196,314,148,SF,False,0,ShADadfF,8,1052,10,824,(empty),
1421927439.32336,ClOucD3DJljNImMrcg,5916609,23654,1491711266,80,tcp,http,3.846302,314,148,SF,False,0,ShADadfF,8,1052,10,824,(empty),
1421927424.12316,CiwJ9T29LDNFUKSA1a,5916604,1822,1491711260,80,tcp,http,19.051056,314,148,SF,False,0,ShADadfF,8,1052,10,824,(empty),
1421927431.52315,CvrIEn24bjVAa7rK9d,5916606,14412,1491711265,80,tcp,http,11.651305,314,148,SF,False,0,ShADadfF,8,1052,10,824,(empty),
1421927441.42323,CrUngRF62LlSRGsGe,5916600,57998,1491711262,80,tcp,http,1.751643,314,148,SF,False,0,ShADadfF,8,1052,10,824,(empty),
1421927422.72303,CG3pfr4XQs4gbN7UIb,5916608,64516,1491711262,80,tcp,http,20.456935,314,148,SF,False,0,ShADadfF,8,1052,10,824,(empty),
1421927427.62306,CzM0xq3eqg0ii04e37,5916606,10412,1491711268,80,tcp,http,15.560928,314,148,SF,False,0,ShADadfF,8,1052,10,824,(empty),
1421927414.62286,CbOacV0mPTysYM0e6,5916601,42173,1491711265,80,tcp,http,28.563032,314,148,SF,False,0,ShADadfF,8,1052,10,824,(empty),
1421927416.62293,CYbDBt23N5wsnuujMl,5916603,10741,1491711268,80,tcp,http,26.56306,314,148,SF,False,0,ShADadfF,8,1052,10,824,(empty),
1421927416.72305,CvCjBc2pkz9EoTyde,5916600,11654,1491711265,80,tcp,http,26.462954,314,148,SF,False,0,ShADadfF,8,1052,10,824,(empty),
1421927440.22331,CyjW0m4tpKMMCnzRYc,5916600,6885,1491711260,80,tcp,http,2.966553,314,148,SF,False,0,ShADadfF,8,1052,10,824,(empty),
1421927432.82317,CaVsqNqOyliPcXpZ6,5916605,43467,1491711268,80,tcp,http,10.366709,314,148,SF,False,0,ShADadfF,8,1052,10,824,(empty),
1421927426.32307,CdenV5lkzzFRHzD27,5916605,21542,1491711264,80,tcp,http,16.866812,314,148,SF,False,0,ShADadfF,8,1052,10,824,(empty),
1421927429.72325,CluXSw1XD4Am6wiGy3,5916605,34360,1491711269,80,tcp,http,13.467647,314,148,SF,False,0,ShADadfF,8,1052,10,824,(empty),
1421927443.17827,CoC8LC3cWLNIM4n2pg,5916607,32578,1491711265,6881,tcp,,0.030703,350,350,SF,False,0,ShADadfF,16,1540,18,1644,(empty),
1421927443.16748,C1ShnM1XAVhWHz7AD4,5916607,47707,1491711265,6881,tcp,,0.044085,350,350,SF,False,0,ShADadfF,16,1540,18,1644,(empty),
1421927443.17404,Cyz0PjmEYmflRwAe9,5916607,46481,1491711265,6881,tcp,,0.039172,350,350,SF,False,0,ShADadfF,16,1540,18,1644,(empty),
1421927443.17548,CNf4Nq2vchE4jcSUOl,5916607,3326,1491711265,6881,tcp,,0.03874,350,350,SF,False,0,ShADadfF,16,1540,18,1644,(empty),
1421927443.17653,Ca2wFt4sz9JSmNdA3e,5916607,4156,1491711265,6881,tcp,,0.039631,350,350,SF,False,0,ShADadfF,16,1540,18,1644,(empty),
1421927443.19187,CSEGsc4wK4JEcZF4Hd,5916602,42115,1491711260,6881,tcp,,0.028024,350,350,SF,False,0,ShADadfF,16,1540,18,1644,(empty),
1421927443.12889,CoFl0k2cdeg953eg2d,5916602,8172,1491711260,6881,tcp,,0.097076,350,350,SF,False,0,ShADadfF,16,1540,18,1644,(empty),
1421927414.92296,CYEjgC4kVhyGh4ZdHe,5916607,14584,1491711263,80,tcp,http,28.30397,314,148,SF,False,0,ShADadfF,8,1052,10,824,(empty),
1421927443.13294,CxOuAa12SLHI0IVd09,5916602,9078,1491711260,6881,tcp,,0.098933,350,350,SF,False,0,ShADadfF,16,1540,18,1644,(empty),
1421927441.22329,CxCvuz2StKElfcnHal,5916608,24415,1491711261,80,tcp,http,2.011638,314,148,SF,False,0,ShADadfF,8,1052,10,824,(empty),
1421927434.12314,CYxZmU2IJuFjvYAOAj,5916600,47744,1491711268,80,tcp,http,9.111815,314,148,SF,False,0,ShADadfF,8,1052,10,824,(empty),
1421927427.22302,CYv4YI3mBaYfRrW0ff,5916603,48463,1491711264,80,tcp,http,16.011932,314,148,SF,False,0,ShADadfF,8,1052,10,824,(empty),
1421927437.12319,CLqSUj3OvdWtsDJPPh,5916600,61696,1491711268,80,tcp,http,6.111769,314,148,SF,False,0,ShADadfF,8,1052,10,824,(empty),
1421927443.18601,C08LIF1J1Oz75iHCT2,5916602,10056,1491711260,6881,tcp,,0.049869,350,350,SF,False,0,ShADadfF,16,1540,18,1644,(empty),
1421927427.52297,Cl4qqL2BkbWQxDuzDg,5916603,45797,1491711263,80,tcp,http,15.713978,314,148,SF,False,0,ShADadfF,8,1052,10,824,(empty),
1421927443.18888,CLEKI7k1vHqxTSq27,5916602,38617,1491711260,6881,tcp,,0.05071,350,350,SF,False,0,ShADadfF,16,1540,18,1644,(empty),
1421927443.06147,CwKxzx2fEAjTm2qw3j,175451761,13377,14917112612,80,tcp,http,0.181504,199,2328,SF,False,0,ShADdFfa,10,830,10,5072,(empty),
1421927419.42287,CDGqii2IsVFV0wqBL8,5916606,27412,1491711269,80,tcp,http,23.826119,314,148,SF,False,0,ShADadfF,8,1052,10,824,(empty),
1421927422.32312,CxqbZT2cYzIaUmKFBj,5916603,35730,1491711268,80,tcp,http,20.933312,314,148,SF,False,0,ShADadfF,8,1052,10,824,(empty),
1421927443.21295,C92wIu3yq5m8nYIk55,5916609,60630,1491711260,6881,tcp,,0.04694,350,350,SF,False,0,ShADadfF,16,1540,18,1644,(empty),
1421927415.82289,C3kSS82taGcSPSWMm1,5916602,58325,1491711260,80,tcp,http,27.44009,314,148,SF,False,0,ShADadfF,8,1052,10,824,(empty),
1421927443.20487,CDd1lPPXCeF3D3zta,5916609,26669,1491711260,6881,tcp,,0.059022,350,350,SF,False,0,ShADadfF,16,1540,18,1644,(empty),
1421927443.20714,CpVw01ATOR6xGEe5k,5916609,27651,1491711260,6881,tcp,,0.059729,350,350,SF,False,0,ShADadfF,16,1540,18,1644,(empty),
1421927443.20889,C5RaXG2cDfrTk2ExQg,5916609,58291,1491711260,6881,tcp,,0.060317,350,350,SF,False,0,ShADadfF,16,1540,18,1644,(empty),
1421927443.21093,CTzZjUrcDE3faGQt6,5916609,57194,1491711260,6881,tcp,,0.060015,350,350,SF,False,0,ShADadfF,16,1540,18,1644,(empty),
1421927441.02327,CEtiYc1WOMB1Xs03ah,5916607,60165,1491711266,80,tcp,http,2.251707,314,148,SF,False,0,ShADadfF,8,1052,10,824,(empty),
1421927422.42302,CzL8ffLUlqkzKqiga,5916601,34663,1491711265,80,tcp,http,20.851965,314,148,SF,False,0,ShADadfF,8,1052,10,824,(empty),
1421927426.72298,CF8vGnFd2pS7G6Is9,5916603,27391,1491711265,80,tcp,http,16.552898,314,148,SF,False,0,ShADadfF,8,1052,10,824,(empty),
1421927418.32294,CJM2Up27bOYOtxe5a,5916608,38983,1491711260,80,tcp,http,24.95309,314,148,SF,False,0,ShADadfF,8,1052,10,824,(empty),
1421927429.02317,C9LmT73Z9gV4M2XQRh,5916600,2639,1491711260,80,tcp,http,14.254725,314,148,SF,False,0,ShADadfF,8,1052,10,824,(empty),
1421927436.02326,CZZS2G4vpIl4lQ6Xsb,5916606,29826,1491711266,80,tcp,http,7.259616,314,148,SF,False,0,ShADadfF,8,1052,10,824,(empty),
1421927433.32327,CSF7Gj3ZQTMIKKrUPh,5916609,34127,1491711261,80,tcp,http,9.960057,314,148,SF,False,0,ShADadfF,8,1052,10,824,(empty),
1421927439.92323,Cr9yUS2E70yl3U0Eoh,5916608,2032,1491711266,80,tcp,http,3.367716,305,148,SF,False,0,ShADadfF,8,1034,10,824,(empty),
1421927421.42297,CISxa41CFAezwAzI8i,5916607,50602,1491711260,80,tcp,http,21.870911,314,148,SF,False,0,ShADadfF,8,1052,10,824,(empty),
1421927417.82291,CULKym1h3G8hFP3Ma4,5916602,30266,1491711263,80,tcp,http,25.470983,314,148,SF,False,0,ShADadfF,8,1052,10,824,(empty),
1421927439.7233,C4Lig9fGRR8xmnba8,5916609,30773,1491711267,80,tcp,http,3.574583,314,148,SF,False,0,ShADadfF,8,1052,10,824,(empty),
1421927414.03694,Cp1nH91oU18wE5FkZ5,5916605,6645,1491711262,80,tcp,http,29.267438,314,148,SF,False,0,ShADadfF,8,1052,10,824,(empty),
1421927432.52315,C7619X1LxN2HLOqXo1,5916604,32481,1491711265,80,tcp,http,10.781722,314,148,SF,False,0,ShADadfF,8,1052,10,824,(empty),
1421927414.52286,CVYOZzGfu7S9bmiH8,5916604,43054,1491711267,80,tcp,http,28.790089,314,148,SF,False,0,ShADadfF,8,1052,10,824,(empty),
1421927416.32291,COkrqn0HtRsVt6Ys9,5916603,6051,1491711268,80,tcp,http,26.990037,314,148,SF,False,0,ShADadfF,8,1052,10,824,(empty),
1421927435.52321,CsDBMwUoEUon04w6l,5916602,20120,1491711262,80,tcp,http,7.790019,314,148,SF,False,0,ShADadfF,8,1052,10,824,(empty),
1421927443.30097,C9NHCs1WQwXS9bKcz4,5916601,7401,1491711265,6881,tcp,,0.025762,350,350,SF,False,0,ShADadfF,16,1540,18,1644,(empty),
1421927443.18988,CxsWVM9aw6ZV857Fg,5916601,45041,1491711265,6881,tcp,,0.14063,350,350,SF,False,0,ShADadfF,16,1540,18,1644,(empty),
1421927443.29289,CzUsRP3XL2vvyH2rJe,5916601,39705,1491711265,6881,tcp,,0.039002,350,350,SF,False,0,ShADadfF,16,1540,18,1644,(empty),
1421927443.29598,ClvCBd12qetmBiLsQ4,5916601,10862,1491711265,6881,tcp,,0.03747,350,350,SF,False,0,ShADadfF,16,1540,18,1644,(empty),
1421927443.29794,CxZy224TlxrqlRYbke,5916601,11725,1491711265,6881,tcp,,0.037021,350,350,SF,False,0,ShADadfF,16,1540,18,1644,(empty),
1421927415.2229,C4SNgX2gDRQrszFL6,5916602,20446,1491711268,80,tcp,http,28.125051,314,148,SF,False,0,ShADadfF,8,1052,10,824,(empty),
1421927420.42293,CDqg1X1gnaqodCzyp1,5916603,14306,1491711267,80,tcp,http,22.927031,314,148,SF,False,0,ShADadfF,8,1052,10,824,(empty),
1421927430.92316,CSkONo1TKdwaeX2BG4,5916601,50168,1491711262,80,tcp,http,12.426892,314,148,SF,False,0,ShADadfF,8,1052,10,824,(empty),
1421927432.42313,CV8k4j1lcQ3YAjfph5,5916600,31813,1491711262,80,tcp,http,10.928825,314,148,SF,False,0,ShADadfF,8,1052,10,824,(empty),
1421927419.3229,Cz3Wqt1jQj8DoVm4F,5916601,26232,1491711264,80,tcp,http,24.033008,314,148,SF,False,0,ShADadfF,8,1052,10,824,(empty),
1421927440.42325,CeQOhx125VVZaJxqw3,5916609,11424,1491711260,80,tcp,http,2.933289,314,148,SF,False,0,ShADadfF,8,1052,10,824,(empty),
1421927426.92311,CDoQ083sc7HmZ56hRh,5916600,52076,1491711262,80,tcp,http,16.44186,305,148,SF,False,0,ShADadfF,8,1034,10,824,(empty),
1421927417.92302,Ce5Crg4sjrzvUb9qm9,5916601,1736,1491711262,80,tcp,http,25.446941,314,148,SF,False,0,ShADadfF,8,1052,10,824,(empty),
1421927435.72329,C8CxPPXVmAVbIruu7,5916608,62042,1491711265,80,tcp,http,7.646679,314,148,SF,False,0,ShADadfF,8,1052,10,824,(empty),
1421927443.33562,CPCQMw3WnfGVfEBs0d,5916604,52969,1491711266,6881,tcp,,0.076601,350,350,SF,False,0,ShADadfF,16,1540,18,1644,(empty),
1421927443.32903,CMxaRDWwELVoLH1J7,5916604,46461,1491711266,6881,tcp,,0.08605,350,350,SF,False,0,ShADadfF,16,1540,18,1644,(empty),
1421927443.33116,C4CNqS2l6TykRxdETj,5916604,49403,1491711266,6881,tcp,,0.085724,350,350,SF,False,0,ShADadfF,16,1540,18,1644,(empty),
1421927443.33289,Cc3nUe3l0TgC54PHlh,5916604,48190,1491711266,6881,tcp,,0.085987,350,350,SF,False,0,ShADadfF,16,1540,18,1644,(empty),
1421927443.33426,CVXnMs1vNXJNGpAsy4,5916604,43082,1491711266,6881,tcp,,0.086975,350,350,SF,False,0,ShADadfF,16,1540,18,1644,(empty),
1421927435.22311,CHDJ7c1knDYpRNOD75,5916603,37739,1491711267,80,tcp,http,8.21078,314,148,SF,False,0,ShADadfF,8,1052,10,824,(empty),
1421927443.15786,CRnxTM3qyUksYt1fsf,5916603,62293,1491711261,25740,tcp,ftp-data,0.286022,0,701,SF,False,0,ShAdfFa,6,320,8,1826,(empty),
1421927443.43693,CRdQujYOpDq4FoJf9,5916603,30565,1491711260,80,tcp,http,0.011226,314,148,SF,False,0,ShADadfF,8,1052,10,824,(empty),
1421927418.72292,C3mO3n4yfdPQkGdEVf,5916605,15794,1491711266,80,tcp,http,24.730038,314,148,SF,False,0,ShADadfF,8,1052,10,824,(empty),
1421927433.52317,CGCAVqwsoMeWImWyc,5916607,64299,1491711267,80,tcp,http,9.945761,314,148,SF,False,0,ShADadfF,8,1052,10,824,(empty),
1421927420.72294,CHzBsT3zpHqlgbFPXe,5916606,17431,1491711266,80,tcp,http,22.755004,314,148,SF,False,0,ShADadfF,8,1052,10,824,(empty),
1421927431.02304,CKnqen41SSnyKondG,5916605,5686,1491711266,80,tcp,http,12.496858,314,148,SF,False,0,ShADadfF,8,1052,10,824,(empty),
1421927438.5219,C6ThK43oRsypmqkXYi,5916608,45682,1491711260,53,udp,dns,0.001257,74,106,SF,False,0,Dd,2,130,2,162,(empty),
1421927428.12311,C0LmYW35gQjomjRPyh,5916605,25317,1491711262,80,tcp,http,15.407827,314,148,SF,False,0,ShADadfF,8,1052,10,824,(empty),
1421927441.72335,Csn35GkZ5QPMTPLe8,5916609,33601,1491711266,80,tcp,http,1.808618,314,148,SF,False,0,ShADadfF,8,1052,10,824,(empty),
1421927429.22309,C0qY5a1muzVCtKAwY5,5916606,45559,1491711262,80,tcp,http,14.309801,314,148,SF,False,0,ShADadfF,8,1052,10,824,(empty),
1421927432.72314,CMMfln3ZUYFuUhbqHg,5916600,2513,1491711262,80,tcp,http,10.813816,314,148,SF,False,0,ShADadfF,8,1052,10,824,(empty),
1421927415.72291,CzfETC1rRZwptEvbW2,5916608,26731,1491711260,80,tcp,http,27.832026,314,148,SF,False,0,ShADadfF,8,1052,10,824,(empty),
1421927429.92309,CWauLm2TJl70Tf6yBl,5916608,63383,1491711269,80,tcp,http,13.645827,314,148,SF,False,0,ShADadfF,8,1052,10,824,(empty),
1421927429.62316,CRH1nj2jbzKcTmaEo,5916601,34963,1491711262,80,tcp,http,13.950824,314,148,SF,False,0,ShADadfF,8,1052,10,824,(empty),
1421927424.62302,CqQG5AtskQ8OlNyG8,5916607,59949,1491711262,80,tcp,http,18.951923,314,148,SF,False,0,ShADadfF,8,1052,10,824,(empty),
1421927443.52309,CdxGap188KoHoe6Qo2,5916606,50692,1491711263,80,tcp,http,0.055184,314,148,SF,False,0,ShADadfF,8,1052,10,824,(empty),
1421927443.32902,CBDrDw1vQkxfFnk1ri,5916606,41670,1491711262,6881,tcp,,0.257861,350,350,SF,False,0,ShADadfF,16,1540,18,1644,(empty),
1421927443.13594,CbI8Hk6rTcAzNLxsb,5916606,13872,1491711262,6881,tcp,,0.452646,350,350,SF,False,0,ShADadfF,16,1540,18,1644,(empty),
1421927436.62314,Cpd0Q01YR6jS0NXs5j,5916600,8558,1491711261,80,tcp,http,6.97878,314,148,SF,False,0,ShADadfF,8,1052,10,824,(empty),
1421927443.38793,CiuJda4wSd7rcSwfbd,5916602,2774,1491711261,6881,tcp,,0.222602,350,350,SF,False,0,ShADadfF,16,1540,18,1644,(empty),
1421927443.27689,CHoLou2gn7iPBdLgb,5916602,48601,1491711261,6881,tcp,,0.33533,350,350,SF,False,0,ShADadfF,16,1540,18,1644,(empty),
1421927443.3749,Cj4urC3GymkG0hEdqg,5916602,5397,1491711261,6881,tcp,,0.238508,350,350,SF,False,0,ShADadfF,16,1540,18,1644,(empty),
1421927438.6219,Cq0uSw2MfgjY9ATPFk,5916606,38993,1491711260,53,udp,dns,0.00106,76,108,SF,False,0,Dd,2,132,2,164,(empty),
1421927434.52344,Cx5z6N1I9SYOWSW0l2,5916603,46973,1491711260,80,tcp,http,9.105539,314,148,SF,False,0,ShADadfF,8,1052,10,824,(empty),
1421927441.92337,CKt6Rt2pV2JyUNyIc,5916604,5706,1491711264,80,tcp,http,1.705616,314,148,SF,False,0,ShADadfF,8,1052,10,824,(empty),
1421927433.92321,CqevBcEH7lJ195NM9,5916605,60805,1491711268,80,tcp,http,9.712739,314,148,SF,False,0,ShADadfF,8,1052,10,824,(empty),
1421927443.33324,C05fla16jJbnKdwQZf,5916602,50678,1491711268,6881,tcp,,0.312695,350,350,SF,False,0,ShADadfF,16,1540,18,1644,(empty),
1421927443.31388,CVAut72aFThuF7UShd,5916602,52453,1491711268,6881,tcp,,0.333607,350,350,SF,False,0,ShADadfF,16,1540,18,1644,(empty),
1421927443.32924,CIzgI93zidRqRiwoAl,5916602,47126,1491711268,6881,tcp,,0.319993,350,350,SF,False,0,ShADadfF,16,1540,18,1644,(empty),
1421927443.33086,CKnk5n2oy5KlevjpY8,5916602,48005,1491711268,6881,tcp,,0.320385,350,350,SF,False,0,ShADadfF,16,1540,18,1644,(empty),
1421927443.46089,C6YRic4vgERVyKbOHd,5916607,5789,1491711268,6881,tcp,,0.190371,350,350,SF,False,0,ShADadfF,16,1540,18,1644,(empty),
1421927443.33188,CKZoSkCD5qtbgz1X5,5916602,46774,1491711268,6881,tcp,,0.320503,350,350,SF,False,0,ShADadfF,16,1540,18,1644,(empty),
1421927443.1626,CaMl1d33lG6mrF0pli,5916607,7660,1491711268,6881,tcp,,0.490081,350,350,SF,False,0,ShADadfF,16,1540,18,1644,(empty),
1421927443.16437,CQJdoAqTyRMApNffe,5916607,8590,1491711268,6881,tcp,,0.491842,350,350,SF,False,0,ShADadfF,16,1540,18,1644,(empty),
1421927443.16554,ClDXe54qlonl7tM8Hb,5916607,39234,1491711268,6881,tcp,,0.49184,350,350,SF,False,0,ShADadfF,16,1540,18,1644,(empty),
1421927443.45392,CuVhBC3Ta77IXwJLpg,5916607,10669,1491711268,6881,tcp,,0.205249,350,350,SF,False,0,ShADadfF,16,1540,18,1644,(empty),
1421927443.1429,CaWf0Y27R2AVtnZECi,5916606,34167,1491711262,6881,tcp,,0.545415,350,350,SF,False,0,ShADadfF,16,1540,18,1644,(empty),
1421927415.92288,CK0q06q1YckJ4h257,5916605,51626,1491711263,80,tcp,http,27.773002,314,148,SF,False,0,ShADadfF,8,1052,10,824,(empty),
1421927443.1658,CrNNKr45TBe3XGA6o2,5916607,53027,1491711265,6881,tcp,,0.549357,367,16107,SF,False,0,ShADadfF,28,2198,42,34406,(empty),
1421927443.17019,CZze9A3cpsp9xg39Uf,5916609,25725,1491711260,6881,tcp,,0.555406,367,16107,SF,False,0,ShADadfF,30,2302,42,34406,(empty),
1421927443.38093,Cd59oj1j6Pese1xsq1,5916602,42150,1491711261,6881,tcp,,0.372992,350,350,SF,False,0,ShADadfF,16,1540,18,1644,(empty),
1421927443.38491,CfRMjY2vyZd2MKWtBi,5916602,7179,1491711261,6881,tcp,,0.371654,350,350,SF,False,0,ShADadfF,16,1540,18,1644,(empty),
1421927443.16747,C7VTJm4IH6RxzsuWKc,5916600,48236,1491711260,6881,tcp,,0.664063,350,350,SF,False,0,ShADadfF,16,1540,18,1644,(empty),
1421927443.15388,CSBMkD2l2uPgc67s3l,5916600,42085,1491711260,6881,tcp,,0.683289,350,350,SF,False,0,ShADadfF,16,1540,18,1644,(empty),
1421927443.15589,C0md1wyGzBm3mFqP8,5916600,45143,1491711260,6881,tcp,,0.683336,350,350,SF,False,0,ShADadfF,16,1540,18,1644,(empty),
1421927443.15724,Ca0Rru3XCBbid72p55,5916600,8169,1491711260,6881,tcp,,0.683649,350,350,SF,False,0,ShADadfF,16,1540,18,1644,(empty),
1421927443.6653,CA2wmi4Ip0Qic6cpz9,5916605,56019,1491711265,6881,tcp,,0.213647,350,350,SF,False,0,ShADadfF,16,1540,18,1644,(empty),
1421927443.85428,Cy8qwp1f55ZoTTAKfh,5916607,58843,1491711269,6881,tcp,,0.030898,350,350,SF,False,0,ShADadfF,16,1540,18,1644,(empty),
1421927443.73396,ChlS584prGNaPPmhJ,5916607,60560,1491711269,6881,tcp,,0.152878,350,350,SF,False,0,ShADadfF,16,1540,18,1644,(empty),
1421927443.73645,Cf9CfP3Cemzh1iffBe,5916607,55311,1491711269,6881,tcp,,0.152343,350,350,SF,False,0,ShADadfF,16,1540,18,1644,(empty),
1421927443.73771,CJUiEK1XYf9PGJW8Ki,5916607,26476,1491711269,6881,tcp,,0.15314,350,350,SF,False,0,ShADadfF,16,1540,18,1644,(empty),
1421927443.1594,CezAio2hA191u8WCkl,5916600,9160,1491711260,6881,tcp,,0.753816,350,350,SF,False,0,ShADadfF,16,1540,18,1644,(empty),
1421927438.92189,CnXq1D1MrZeoChxAV2,5916600,14789,1491711261,53,udp,dns,0.00114,90,122,SF,False,0,Dd,2,146,2,178,(empty),
1421927443.80297,C5lyzSO94RKHTDYq6,5916606,57573,1491711268,25740,tcp,ftp-data,0.127993,0,701,SF,False,0,ShAdfFa,6,320,8,1826,(empty),
1421927443.29696,Cgkhfn2KjLcCjFkqqi,5916603,58593,1491711269,6881,tcp,,0.637407,350,350,SF,False,0,ShADadfF,16,1540,18,1644,(empty),
1421927443.18689,CC4LBa2X2g3nraB541,5916601,44140,1491711265,6881,tcp,,0.753064,367,16107,SF,False,0,ShADadfF,28,2198,42,34406,(empty),
1421927443.53524,CSvaRd1IIwTdgP2ZO4,5916605,57954,1491711265,6881,tcp,,0.412643,350,350,SF,False,0,ShADadfF,16,1540,18,1644,(empty),
1421927443.53694,CBC7ut3Iez4F82Ud6h,5916605,56830,1491711265,6881,tcp,,0.412945,350,350,SF,False,0,ShADadfF,16,1540,18,1644,(empty),
1421927443.58996,CYVjw73xX29cyLOfN5,5916605,51619,1491711265,6881,tcp,,0.361992,350,350,SF,False,0,ShADadfF,16,1540,18,1644,(empty),
1421927443.28188,CVXeO6ncwp7tw9AUa,5916606,5232,1491711267,6881,tcp,,0.675371,350,350,SF,False,0,ShADadfF,16,1540,18,1644,(empty),
1421927443.12995,CSVTss1LGyOF2VEEz4,5916608,59250,1491711265,25740,tcp,ftp-data,0.827539,0,701,SF,False,0,ShAdfFa,6,320,8,1826,(empty),
1421927443.17996,Cw1Dyf4omTibVRsfBc,5916606,7018,1491711267,6881,tcp,,0.781001,350,350,SF,False,0,ShADadfF,16,1540,18,1644,(empty),
1421927443.26296,CPfBwz4XSVpYq7nNFa,5916606,45783,1491711267,6881,tcp,,0.699999,350,350,SF,False,0,ShADadfF,16,1540,18,1644,(empty),
1421927443.26596,Co7xxn3qB4XWGbM6Ak,5916606,44599,1491711267,6881,tcp,,0.698995,350,350,SF,False,0,ShADadfF,16,1540,18,1644,(empty),
1421927443.27892,C5jPlQ22bLXBckcrnj,5916606,39281,1491711267,6881,tcp,,0.687909,350,350,SF,False,0,ShADadfF,16,1540,18,1644,(empty),
1421927443.60485,CyibR33E4IfFhxIFBk,5916603,36845,1491711262,6881,tcp,,0.36869,350,350,SF,False,0,ShADadfF,16,1540,18,1644,(empty),
1421927443.52709,CndhnQb8F4FWuQeh7,5916603,19315,1491711262,6881,tcp,,0.448573,350,350,SF,False,0,ShADadfF,16,1540,18,1644,(empty),
1421927443.52844,CxGnfX2MFDh8BUkq83,5916603,1885,1491711262,6881,tcp,,0.448292,350,350,SF,False,0,ShADadfF,16,1540,18,1644,(empty),
1421927443.38394,CF1rWC2HmB6gFVzg4l,5916608,51730,1491711264,6881,tcp,,0.594036,350,350,SF,False,0,ShADadfF,16,1540,18,1644,(empty),
1421927443.60094,CfBL9j4DeiJ2GMohbg,5916603,65294,1491711262,6881,tcp,,0.38028,350,350,SF,False,0,ShADadfF,16,1540,18,1644,(empty),
1421927443.6036,C8pnVJ3fX29HxVB57,5916603,22310,1491711262,6881,tcp,,0.378891,350,350,SF,False,0,ShADadfF,16,1540,18,1644,(empty),
1421927443.29689,C3w9HL3h1Mh8D0etid,5916608,53699,1491711264,6881,tcp,,0.686007,350,350,SF,False,0,ShADadfF,16,1540,18,1644,(empty),
1421927443.80592,CIT28N3wgopXBetvCf,5916607,54993,1491711269,6881,tcp,,0.180304,350,350,SF,False,0,ShADadfF,16,1540,18,1644,(empty),
1421927443.59155,CcZECl3eUc9jZce3xh,5916605,31090,1491711265,6881,tcp,,0.394687,350,350,SF,False,0,ShADadfF,16,1540,18,1644,(empty),
1421927443.46997,CvM6PtRZTOqmtKli8,5916604,6250,1491711269,6881,tcp,,0.523464,350,350,SF,False,0,ShADadfF,16,1540,18,1644,(empty),
1421927443.3173,CUV2QVatD44db2EJ8,5916604,7998,1491711269,6881,tcp,,0.680921,350,350,SF,False,0,ShADadfF,16,1540,18,1644,(empty),
1421927443.31887,Crtrwq4mivPwsEcPWb,5916604,44650,1491711269,6881,tcp,,0.680941,350,350,SF,False,0,ShADadfF,16,1540,18,1644,(empty),
1421927443.35287,CR8I473Mt9h4Nq9EK5,5916604,9677,1491711269,6881,tcp,,0.648002,350,350,SF,False,0,ShADadfF,16,1540,18,1644,(empty),
1421927443.35599,CEe2Dl1dBj82K10So4,5916604,38126,1491711269,6881,tcp,,0.645885,350,350,SF,False,0,ShADadfF,16,1540,18,1644,(empty),
1421927443.29907,CBniNw1K9HFSpRoUm,5916608,33128,1491711264,6881,tcp,,0.744901,350,350,SF,False,0,ShADadfF,16,1540,18,1644,(empty),
1421927443.79695,CXxxNx6rRZjj5QVQ8,5916600,39254,1491711262,6881,tcp,,0.310961,350,350,SF,False,0,ShADadfF,16,1540,18,1644,(empty),
1421927443.3019,CruXEw3lNlQYQPJLX5,5916608,47400,1491711264,6881,tcp,,0.847979,350,350,SF,False,0,ShADadfF,16,1540,18,1644,(empty),
1421927443.10322,C0jM9YI6YGEl2kcz8,5916606,6171,1491711267,6881,tcp,,1.071039,367,16107,SF,False,0,ShADadfF,28,2198,42,34406,(empty),
1421927443.72789,CGk6Hg1RH2ESg0gVs5,5916600,41023,1491711262,6881,tcp,,0.452075,350,350,SF,False,0,ShADadfF,16,1540,18,1644,(empty),
1421927443.72877,CukCIV3gs9NduokXMe,5916600,41874,1491711262,6881,tcp,,0.453189,350,350,SF,False,0,ShADadfF,16,1540,18,1644,(empty),
1421927443.29597,CUpzIVn0X4o4PbgJf,5916606,37183,1491711262,6881,tcp,,0.900976,350,350,SF,False,0,ShADadfF,16,1540,18,1644,(empty),
1421927443.72967,CSxTuB4Uk4y3w7HO7b,5916600,13050,1491711262,6881,tcp,,0.479264,350,350,SF,False,0,ShADadfF,16,1540,18,1644,(empty),
1421927443.78735,CaNXoDGs3CTmFe6A7,5916600,35472,1491711262,6881,tcp,,0.423346,350,350,SF,False,0,ShADadfF,16,1540,18,1644,(empty),
1421927443.73393,CMsDzr3tUjeloynf5h,5916603,15412,1491711266,6881,tcp,,0.479031,350,350,SF,False,0,ShADadfF,16,1540,18,1644,(empty),
1421927439.22191,CAHlQQ2Wjx7iTBopA2,5916604,21489,1491711267,53,udp,dns,0.001144,74,106,SF,False,0,Dd,2,130,2,162,(empty),
1421927443.72695,CYcAgf40zKl1ZzoNbf,5916603,36740,1491711266,6881,tcp,,0.53302,350,350,SF,False,0,ShADadfF,16,1540,18,1644,(empty),
1421927443.72822,CuQNoH3DPeEgaj2r03,5916603,64427,1491711266,6881,tcp,,0.564764,350,350,SF,False,0,ShADadfF,16,1540,18,1644,(empty),
1421927443.12486,CIq5fw1dcl41nGuim,5916602,7189,1491711260,6881,tcp,,1.176051,367,16107,SF,False,0,ShADadfF,28,2198,42,34406,(empty),
1421927439.32191,Chx0qQ12jCwb4D9Bs4,5916609,59720,1491711268,53,udp,dns,0.00107,76,108,SF,False,0,Dd,2,132,2,164,(empty),
1421927443.51451,CKcrbd3y8YDbUVbEki,5916603,58082,1491711263,6881,tcp,,0.814387,350,350,SF,False,0,ShADadfF,16,1540,18,1644,(empty),
1421927443.46103,C4tWnW1A3Bv0l9cXAk,5916609,12447,1491711265,6881,tcp,,0.88388,350,350,SF,False,0,ShADadfF,16,1540,18,1644,(empty),
1421927443.11685,C1dMKD2t96OJ47Qaak,5916603,62373,1491711269,6881,tcp,,1.240101,350,350,SF,False,0,ShADadfF,16,1540,18,1644,(empty),
1421927443.234,CQ3ftM1EtUb8lxv0G4,5916600,12709,1491711262,6881,tcp,,1.123895,350,350,SF,False,0,ShADadfF,16,1540,18,1644,(empty),
1421927443.72918,CcpB3E1talcelTzTg1,5916603,19265,1491711266,6881,tcp,,0.634701,350,350,SF,False,0,ShADadfF,16,1540,18,1644,(empty),
1421927443.73093,CyFWW72FmK7aQfSfLk,5916603,20214,1491711266,6881,tcp,,0.635029,350,350,SF,False,0,ShADadfF,16,1540,18,1644,(empty),
1421927443.53397,CEtw922CFpG2dol5T1,5916605,27305,1491711265,6881,tcp,,0.852592,367,16107,SF,False,0,ShADadfF,30,2302,42,34406,(empty),
1421927443.31387,CPKQRI1H0NIUWbWSM,5916606,16553,1491711262,6881,tcp,,1.099341,350,350,SF,False,0,ShADadfF,16,1540,18,1644,(empty),
1421927439.42186,CDbSXk1ziUjkFuPjKd,5916601,62377,1491711264,53,udp,dns,0.001044,74,106,SF,False,0,Dd,2,130,2,162,(empty),
1421927443.11877,CMqOYd1pHz1EI5ZpO4,5916603,25360,1491711269,6881,tcp,,1.303432,350,350,SF,False,0,ShADadfF,16,1540,18,1644,(empty),
1421927443.37796,CkGct7GVYv9tMALhb,5916607,59087,1491711266,6881,tcp,,1.082241,350,350,SF,False,0,ShADadfF,16,1540,18,1644,(empty),
1421927443.378,CF4Nmz4w2chIzHbzZe,5916608,2244,1491711264,6881,tcp,,1.082218,350,350,SF,False,0,ShADadfF,16,1540,18,1644,(empty),
1421927443.28089,CCOrXA4zSW9LZSxXZa,5916603,30070,1491711263,6881,tcp,,1.205073,350,350,SF,False,0,ShADadfF,16,1540,18,1644,(empty),
1421927443.15896,CZ8A7Z1ylY0yHxLGea,5916607,6704,1491711268,6881,tcp,,1.332822,367,16107,SF,False,0,ShADadfF,30,2302,42,34406,(empty),
1421927443.28187,Ckt9G92ya9nguTduDk,5916607,24968,1491711266,6881,tcp,,1.213296,350,350,SF,False,0,ShADadfF,16,1540,18,1644,(empty),
1421927443.22595,CwUoAM3xnJXAmw2Euf,5916603,26220,1491711269,6881,tcp,,1.26922,350,350,SF,False,0,ShADadfF,16,1540,18,1644,(empty),
1421927443.11288,CM4yjP3Qmh10eqK2Le,5916600,43174,1491711260,6881,tcp,,1.395337,367,16107,SF,False,0,ShADadfF,28,2198,42,34406,(empty),
1421927443.29995,C9GpOj27gVP9wnfd1d,5916606,1285,1491711260,6881,tcp,,1.215439,350,350,SF,False,0,ShADadfF,16,1540,18,1644,(empty),
1421927435.82184,CQaEWY22bsy85jmDl3,5916609,25023,1491711261,38586,tcp,,8.696552,235,24184,SF,False,0,ShADadfF,64,3806,66,51808,(empty),
1421927439.5219,ChI3D04XYASsKpUKac,5916608,55879,1491711263,53,udp,dns,0.001075,90,122,SF,False,0,Dd,2,146,2,178,(empty),
1421927443.10623,CtCoHV1FMVaGuFPXF1,5916606,65480,1491711260,6881,tcp,,1.419747,350,350,SF,False,0,ShADadfF,16,1540,18,1644,(empty),
1421927443.69549,CdCuFs2VC9P8lcm3j,5916603,25410,1491711261,11922,tcp,ftp-data,0.830721,0,4096,SF,False,0,ShAdfFa,8,424,12,8824,(empty),
1421927443.29089,CUA75g1KfKh203RIk5,5916606,60141,1491711260,6881,tcp,,1.277638,350,350,SF,False,0,ShADadfF,16,1540,18,1644,(empty),
1421927443.70599,CFnPvp3dZdUIVwSBxg,5916600,10493,1491711262,6881,tcp,,0.864311,367,16107,SF,False,0,ShADadfF,28,2198,42,34406,(empty),
1421927443.2939,C86za4xuRUOP8WApa,5916606,23123,1491711260,6881,tcp,,1.280315,350,350,SF,False,0,ShADadfF,16,1540,18,1644,(empty),
1421927443.28388,CvPp643p4XIWSF9fJ6,5916607,55475,1491711266,6881,tcp,,1.301325,350,350,SF,False,0,ShADadfF,16,1540,18,1644,(empty),
1421927443.29691,CGxXVgti1k4gG1MX9,5916606,61973,1491711260,6881,tcp,,1.296993,350,350,SF,False,0,ShADadfF,16,1540,18,1644,(empty),
1421927443.45292,CUXHeT1SK0ssbrRR94,5916603,16371,1491711266,6881,tcp,,1.142291,367,16107,SF,False,0,ShADadfF,30,2302,42,34406,(empty),
1421927443.51099,Cb31Mi2wt24ZIZhaD,5916603,30894,1491711263,6881,tcp,,1.087228,350,350,SF,False,0,ShADadfF,16,1540,18,1644,(empty),
1421927443.3149,CrRru64W9oKFVunvIf,5916604,7064,1491711269,6881,tcp,,1.285781,367,16107,SF,False,0,ShADadfF,28,2198,42,34406,(empty),
1421927443.28492,C3rrDXrXpyEkULLy8,5916607,54308,1491711266,6881,tcp,,1.343558,350,350,SF,False,0,ShADadfF,16,1540,18,1644,(empty),
1421927443.14645,CkfpqPQ4wEgVJMWva,5916600,62621,1491711263,11922,tcp,ftp-data,1.483776,0,4096,SF,False,0,ShAdfFa,8,424,12,8824,(empty),
1421927443.35822,C0GE9W32ZgUiNsXNVe,5916609,35627,1491711265,6881,tcp,,1.274659,350,350,SF,False,0,ShADadfF,16,1540,18,1644,(empty),
1421927427.72168,C7K1c43ZJpCzuluv0j,5916605,10525,1491711262,48241,tcp,,16.93283,235,24184,SF,False,0,ShADadfF,64,3806,66,51808,(empty),
1421927443.51221,Czy4jt12cSvRmjcyE3,5916603,53273,1491711263,6881,tcp,,1.146724,350,350,SF,False,0,ShADadfF,16,1540,18,1644,(empty),
1421927443.19088,CfDpf11suktmlUgxD6,5916600,14499,1491711262,6881,tcp,,1.47502,350,350,SF,False,0,ShADadfF,16,1540,18,1644,(empty),
1421927443.35199,CZePkGK75lMQomid8,5916606,41092,1491711266,6881,tcp,,1.333905,350,350,SF,False,0,ShADadfF,16,1540,18,1644,(empty),
1421927439.72191,C0nrLt26mvVt7lXzLl,5916609,28993,1491711263,53,udp,dns,0.001173,76,108,SF,False,0,Dd,2,132,2,164,(empty),
1421927443.25305,CLcOhC3vJWjih5PXqg,5916603,54687,1491711269,6881,tcp,,1.471486,350,350,SF,False,0,ShADadfF,16,1540,18,1644,(empty),
1421927443.37325,C2ypb63xOORccwECai,5916607,27479,1491711266,6881,tcp,,1.351288,350,350,SF,False,0,ShADadfF,16,1540,18,1644,(empty),
1421927443.49995,CunBTvZKwJIDISZP8,5916604,26048,1491711263,25740,tcp,ftp-data,1.231933,0,701,SF,False,0,ShAdfFa,6,320,8,1826,(empty),
1421927443.51318,CXg3p549ZOcFObUjN7,5916603,54163,1491711263,6881,tcp,,1.245132,350,350,SF,False,0,ShADadfF,16,1540,18,1644,(empty),
1421927443.10475,CiNXAsUgCWaE25Fsd,5916606,20593,1491711260,6881,tcp,,1.655616,367,16107,SF,False,0,ShADadfF,30,2302,42,34406,(empty),
1421927443.30097,CThCnl4zeKHUzM0r0g,5916606,54022,1491711264,6881,tcp,,1.47452,350,350,SF,False,0,ShADadfF,16,1540,18,1644,(empty),
1421927443.24586,CPMS4A14TGFo9tCYO3,5916607,15547,1491711264,6881,tcp,,1.539085,350,350,SF,False,0,ShADadfF,16,1540,18,1644,(empty),
1421927443.88663,CLRfKigYWx5vDam89,5916600,3518,1491711266,6881,tcp,,0.904565,350,350,SF,False,0,ShADadfF,16,1540,18,1644,(empty),
1421927443.30589,CO5GgS2yshAZw6SoUj,5916604,1592,1491711266,6881,tcp,,1.488001,367,16107,SF,False,0,ShADadfF,26,2094,42,34406,(empty),
1421927443.35991,CoI0dg130eK2PAm8k5,5916609,34457,1491711265,6881,tcp,,1.452981,350,350,SF,False,0,ShADadfF,16,1540,18,1644,(empty),
1421927443.22596,CiHBLc1cLushvHfXX1,5916606,13272,1491711266,6881,tcp,,1.594549,350,350,SF,False,0,ShADadfF,16,1540,18,1644,(empty),
1421927439.8219,CUkeQ73UpZc2OU68Th,5916602,31439,1491711261,53,udp,dns,0.001088,90,122,SF,False,0,Dd,2,146,2,178,(empty),
1421927417.42156,CkV8FT3KXb4AKy5gXe,5916604,22873,1491711265,5190,tcp,,27.402653,216,814,SF,False,0,ShADadfF,16,1272,18,2572,(empty),
1421927443.2329,CsNFur42susLYSCmn2,5916607,17321,1491711264,6881,tcp,,1.593666,350,350,SF,False,0,ShADadfF,16,1540,18,1644,(empty),
1421927421.02162,CwUXe13borGVudp7sg,5916608,61715,1491711263,1173,tcp,,23.850033,235,24184,SF,False,0,ShADadfF,66,3910,68,51912,(empty),
1421927443.29789,CO23Q93eTnnoUptrz3,5916602,32069,1491711268,6881,tcp,,1.575605,367,16107,SF,False,0,ShADadfF,28,2198,42,34406,(empty),
1421927443.23696,CjbVUh3iUUoFnYgaDj,5916607,64215,1491711264,6881,tcp,,1.639961,350,350,SF,False,0,ShADadfF,16,1540,18,1644,(empty),
1421927443.43694,CzYART2dQKONMZ3Mhh,5916603,18398,1491711262,6881,tcp,,1.441827,367,16107,SF,False,0,ShADadfF,30,2302,42,34406,(empty),
1421927443.78843,CJYBI3483pnPUMqJme,5916600,46881,1491711261,6881,tcp,,1.096775,350,350,SF,False,0,ShADadfF,16,1540,18,1644,(empty),
1421927443.22988,CVwPPAzxFSOXDDlde,5916606,35612,1491711266,6881,tcp,,1.658581,350,350,SF,False,0,ShADadfF,16,1540,18,1644,(empty),
1421927443.2396,CSXwFq2Mb0VC8CpRPl,5916607,63085,1491711264,6881,tcp,,1.679293,350,350,SF,False,0,ShADadfF,16,1540,18,1644,(empty),
1421927439.92191,ClwdolB9yfSWHlDW8,5916608,32958,1491711268,53,udp,dns,0.001124,76,108,SF,False,0,Dd,2,132,2,164,(empty),
1421927443.27792,CK8uVP1W5wkzoZjqD2,5916607,62036,1491711266,6881,tcp,,1.657759,367,16107,SF,False,0,ShADadfF,30,2302,42,34406,(empty),
1421927443.36099,C4OqdJ3KgzBur2ztrd,5916609,16007,1491711265,6881,tcp,,1.576382,350,350,SF,False,0,ShADadfF,16,1540,18,1644,(empty),
1421927444.81325,CbdZRa1AeIu4Q3X3Z1,5916609,36859,1491711269,80,tcp,http,0.139005,314,148,SF,False,0,ShADadfF,8,1052,10,824,(empty),
1421927444.03493,Cw4XEi3oee7NLGHC08,5916605,38450,1491711261,6881,tcp,,0.923015,350,350,SF,False,0,ShADadfF,16,1540,18,1644,(empty),
1421927443.45491,CzGvjw2qZjHjp7HZSk,5916609,16885,1491711265,6881,tcp,,1.503295,350,350,SF,False,0,ShADadfF,16,1540,18,1644,(empty),
1421927443.24433,CjNz6u4B1klCgfCE3e,5916607,1468,1491711264,6881,tcp,,1.719947,350,350,SF,False,0,ShADadfF,16,1540,18,1644,(empty),
1421927443.17403,CCKEfi3B79uGiiW2Ej,5916606,47913,1491711264,6881,tcp,,1.790251,350,350,SF,False,0,ShADadfF,16,1540,18,1644,(empty),
1421927444.06394,CpHONe2jxlsV7NHy4,5916605,42258,1491711266,25740,tcp,ftp-data,0.907032,0,701,SF,False,0,ShAdfFa,6,320,8,1826,(empty),
1421927443.23289,ConLWi2udKw7YQTjB,5916606,14958,1491711266,6881,tcp,,1.738395,350,350,SF,False,0,ShADadfF,16,1540,18,1644,(empty),
1421927443.29289,C5bvZI1gYKgdvCcfSi,5916606,37382,1491711266,6881,tcp,,1.688457,350,350,SF,False,0,ShADadfF,16,1540,18,1644,(empty),
1421927443.19387,CEgcIj1bdDD41kLYpb,5916600,15360,1491711262,6881,tcp,,1.787484,350,350,SF,False,0,ShADadfF,16,1540,18,1644,(empty),
1421927443.19561,CASN6I1uLrqhT8IBo3,5916600,16168,1491711262,6881,tcp,,1.799101,350,350,SF,False,0,ShADadfF,16,1540,18,1644,(empty),
1421927443.12016,CeSkj22HKBQ8mvOlS1,5916602,49744,1491711261,6881,tcp,,1.891815,367,16107,SF,False,0,ShADadfF,30,2302,42,34406,(empty),
1421927443.37491,Crah3n1MkXYFdnAA07,5916605,40321,1491711261,6881,tcp,,1.645557,350,350,SF,False,0,ShADadfF,16,1540,18,1644,(empty),
1421927443.51095,CmtOgH2JL5Yw9NryGb,5916608,19229,1491711264,6881,tcp,,1.53425,350,350,SF,False,0,ShADadfF,16,1540,18,1644,(empty),
1421927443.23896,C8lgl63ABvUikQiT9i,5916608,37421,1491711264,6881,tcp,,1.833264,350,350,SF,False,0,ShADadfF,16,1540,18,1644,(empty),
1421927443.37388,CyIKaHTQ3nI4JE4Mh,5916606,50226,1491711260,6881,tcp,,1.698349,350,350,SF,False,0,ShADadfF,16,1540,18,1644,(empty),
1421927433.4218,C6vki41gqlZqDrIVn9,5916608,14580,1491711269,40637,tcp,,11.657851,235,24184,SF,False,0,ShADadfF,64,3806,66,51808,(empty),
1421927443.47689,CJDRTQ3LEi8UNS7Nrb,5916605,35197,1491711261,6881,tcp,,1.606468,350,350,SF,False,0,ShADadfF,16,1540,18,1644,(empty),
1421927443.38993,CaNhIM38OmHGXGw3uf,5916601,1258,1491711269,6881,tcp,,1.693811,350,350,SF,False,0,ShADadfF,16,1540,18,1644,(empty),
1421927443.59996,CmFE1Q2ILJodWY2Aoj,5916605,14655,1491711261,6881,tcp,,1.48652,350,350,SF,False,0,ShADadfF,16,1540,18,1644,(empty),
1421927443.40689,CsfVmr4glCYYZUW6ee,5916606,15416,1491711261,6881,tcp,,1.679746,350,350,SF,False,0,ShADadfF,16,1540,18,1644,(empty),
1421927443.65791,Cc7u0r3m81Vj64bXBg,5916607,61728,1491711269,6881,tcp,,1.43207,367,16107,SF,False,0,ShADadfF,30,2302,42,34406,(empty),
1421927438.42187,CqjJGq3Jr3y726hr47,5916609,43815,1491711260,5190,tcp,,6.670034,216,814,SF,False,0,ShADadfF,16,1272,18,2572,(empty),
1421927429.42173,CbnPXr1VT1DToj3142,5916603,9393,1491711266,5190,tcp,,15.67123,216,814,SF,False,0,ShADadfF,16,1272,18,2572,(empty),
1421927443.22692,Cz0cBo2GLq1ikfgbil,5916600,16989,1491711262,6881,tcp,,1.888748,350,350,SF,False,0,ShADadfF,16,1540,18,1644,(empty),
1421927443.29094,CMGK3J3WLcLr5cq9M,5916606,46996,1491711264,6881,tcp,,1.837343,350,350,SF,False,0,ShADadfF,16,1540,18,1644,(empty),
1421927443.29492,CEdnet3K27tc3tkH7h,5916606,49972,1491711264,6881,tcp,,1.844284,350,350,SF,False,0,ShADadfF,16,1540,18,1644,(empty),
1421927443.71407,CZm29M2vmoeqTvY3ok,5916605,15621,1491711261,6881,tcp,,1.428298,350,350,SF,False,0,ShADadfF,16,1540,18,1644,(empty),
1421927443.29788,CM511ELbAOgwJkiI7,5916606,4815,1491711264,6881,tcp,,1.862322,350,350,SF,False,0,ShADadfF,16,1540,18,1644,(empty),
1421927443.57023,C1AvYc2cso3f9NM4Kl,5916600,29406,1491711266,6881,tcp,,1.593773,350,350,SF,False,0,ShADadfF,16,1540,18,1644,(empty),
1421927443.27894,CVFrNm7vMYxvyYoL5,5916603,56862,1491711263,6881,tcp,,1.89461,367,16107,SF,False,0,ShADadfF,30,2302,42,34406,(empty),
1421927443.22989,CkEv3t1EudDs8h02G3,5916607,35905,1491711264,6881,tcp,,1.945436,367,16107,SF,False,0,ShADadfF,30,2302,42,34406,(empty),
1421927443.15788,CPgWwc1977vd0pwcW1,5916608,20935,1491711264,6881,tcp,,2.02363,350,350,SF,False,0,ShADadfF,16,1540,18,1644,(empty),
1421927443.45394,CSdlGm1XlvYBFT3G17,5916603,45193,1491711263,6881,tcp,,1.727574,350,350,SF,False,0,ShADadfF,16,1540,18,1644,(empty),
1421927443.31691,CMtsot3NOEVbGevW6h,5916603,8976,1491711263,6881,tcp,,1.881974,350,350,SF,False,0,ShADadfF,16,1540,18,1644,(empty),
1421927443.37391,CBC5Xf4eq0CROlJqAc,5916605,15904,1491711269,6881,tcp,,1.826446,350,350,SF,False,0,ShADadfF,16,1540,18,1644,(empty),
1421927443.31832,CeXumzXoUWx2RBtn,5916603,39554,1491711263,6881,tcp,,1.894878,350,350,SF,False,0,ShADadfF,16,1540,18,1644,(empty),
1421927443.43697,CJI05i356dIFnfEqF4,5916604,21282,1491711263,6881,tcp,,1.779203,350,350,SF,False,0,ShADadfF,16,1540,18,1644,(empty),
1421927443.11574,CD87Cz2qgF0KHEDNI8,5916608,63838,1491711264,6881,tcp,,2.100515,350,350,SF,False,0,ShADadfF,16,1540,18,1644,(empty),
1421927440.22192,CAPnZr1qaY9B9FO662,5916600,43096,1491711263,53,udp,dns,0.001114,76,108,SF,False,0,Dd,2,132,2,164,(empty),
1421927443.15988,CWNKIfE8R4qSWLTN7,5916608,21826,1491711264,6881,tcp,,2.06857,350,350,SF,False,0,ShADadfF,16,1540,18,1644,(empty),
1421927443.37306,CrFtlr3jouYBDvspzg,5916606,17064,1491711261,6881,tcp,,1.858831,350,350,SF,False,0,ShADadfF,16,1540,18,1644,(empty),
1421927443.17396,C0J5Q61OSlHlkmW326,5916608,22656,1491711264,6881,tcp,,2.065341,350,350,SF,False,0,ShADadfF,16,1540,18,1644,(empty),
1421927415.62297,CrlUII3wrH82vHswgf,5916608,27163,1491711269,80,tcp,http,29.64182,474,4612,SF,False,0,ShADadfF,12,1580,18,10168,(empty),
1421927443.16523,CbYAbt1PzVkUG138F3,5916603,34765,1491711267,11922,tcp,ftp-data,2.110389,0,4096,SF,False,0,ShAdfFa,8,424,12,8824,(empty),
1421927443.35198,Cx9Xeu2RGmRszdg0Wh,5916608,65522,1491711263,6881,tcp,,1.927239,350,350,SF,False,0,ShADadfF,16,1540,18,1644,(empty),
1421927443.16573,C7RiCi27DPeYLfhUD,5916605,11738,1491711261,6881,tcp,,2.116785,367,16107,SF,False,0,ShADadfF,30,2302,42,34406,(empty),
1421927443.22598,CiUB3a4ldEGmLKb0cd,5916608,18588,1491711264,6881,tcp,,2.05962,350,350,SF,False,0,ShADadfF,16,1540,18,1644,(empty),
1421927443.2779,CQlomd2CYNBf8jRn64,5916608,23511,1491711264,6881,tcp,,2.019048,350,350,SF,False,0,ShADadfF,16,1540,18,1644,(empty),
1421927443.23189,CW77J54rH9RnrW5pHb,5916608,63450,1491711264,6881,tcp,,2.067901,350,350,SF,False,0,ShADadfF,16,1540,18,1644,(empty),
1421927443.18688,CyxBQS3auLXKuxaigb,5916606,40044,1491711266,6881,tcp,,2.120343,367,16107,SF,False,0,ShADadfF,30,2302,42,34406,(empty),
1421927440.32191,CepWVN19YfQDuIG4Zb,5916603,45426,1491711260,53,udp,dns,0.001053,76,108,SF,False,0,Dd,2,132,2,164,(empty),
1421927443.35288,CjpsJ31ol8j0e0sWv9,5916603,10871,1491711263,6881,tcp,,1.969621,350,350,SF,False,0,ShADadfF,16,1540,18,1644,(empty),
1421927443.35089,CGcv8x444RznUvkb9c,5916609,15711,1491711265,6881,tcp,,1.976994,350,350,SF,False,0,ShADadfF,16,1540,18,1644,(empty),
1421927443.35593,CspO3j4gnwKqUO0R8g,5916603,11735,1491711263,6881,tcp,,1.976569,350,350,SF,False,0,ShADadfF,16,1540,18,1644,(empty),
1421927443.17632,CGOGxg2tRAv4kYpf6,5916600,50599,1491711266,6881,tcp,,2.172042,350,350,SF,False,0,ShADadfF,16,1540,18,1644,(empty),
1421927443.4789,CZwOmG44Egy8HkILW1,5916601,5072,1491711265,6881,tcp,,1.872057,350,350,SF,False,0,ShADadfF,16,1540,18,1644,(empty),
1421927443.17826,CsKwMY3TviqkWxTg94,5916600,32006,1491711266,6881,tcp,,2.17664,350,350,SF,False,0,ShADadfF,16,1540,18,1644,(empty),
1421927443.35087,CdaKxl4F63nu899974,5916605,17590,1491711269,6881,tcp,,2.015306,350,350,SF,False,0,ShADadfF,16,1540,18,1644,(empty),
1421927443.3973,C5hfgwYSIEqvlwUN8,5916606,17984,1491711261,6881,tcp,,1.968947,350,350,SF,False,0,ShADadfF,16,1540,18,1644,(empty),
1421927443.44302,C6xCTz1ubPAniueNQ3,5916600,32819,1491711266,6881,tcp,,1.926458,350,350,SF,False,0,ShADadfF,16,1540,18,1644,(empty),
1421927443.37491,C8Hne03HFMoOqBFn8j,5916601,65429,1491711269,6881,tcp,,2.017753,350,350,SF,False,0,ShADadfF,16,1540,18,1644,(empty),
1421927443.37098,CimMDd4MT4mxTp71y8,5916600,48916,1491711261,6881,tcp,,2.023453,350,350,SF,False,0,ShADadfF,16,1540,18,1644,(empty),
1421927443.47092,CZCq511V1nUp8tziE6,5916601,42666,1491711265,6881,tcp,,1.935997,350,350,SF,False,0,ShADadfF,16,1540,18,1644,(empty),
1421927443.47226,Cy1UuD2WyVA0xKrH2l,5916601,7678,1491711265,6881,tcp,,1.942645,350,350,SF,False,0,ShADadfF,16,1540,18,1644,(empty),
1421927443.17611,C1Jz6dwxspJbye3ec,5916604,23177,1491711263,6881,tcp,,2.238806,350,350,SF,False,0,ShADadfF,16,1540,18,1644,(empty),
1421927443.37991,CBNg1T3Fv9ZI2Nofg5,5916601,22304,1491711269,6881,tcp,,2.035012,350,350,SF,False,0,ShADadfF,16,1540,18,1644,(empty),
1421927443.44688,CVo9ak3wjP7bQ3Mnsj,5916609,31957,1491711263,6881,tcp,,1.9683,350,350,SF,False,0,ShADadfF,16,1540,18,1644,(empty),
1421927440.42192,CadSbq41g20T2lDdhe,5916609,39265,1491711261,53,udp,dns,0.001054,76,108,SF,False,0,Dd,2,132,2,164,(empty),
1421927443.73392,CaAeGyEUPWFPv0tk6,5916600,5234,1491711266,6881,tcp,,1.691987,350,350,SF,False,0,ShADadfF,16,1540,18,1644,(empty),
1421927417.22291,CyCCTi1hfXLeUtkgj5,5916608,21612,1491711260,80,tcp,http,28.207938,474,4612,SF,False,0,ShADadfF,12,1580,18,10168,(empty),
1421927443.38393,CcR0Fn3usEf5dlg8ua,5916601,23124,1491711269,6881,tcp,,2.047579,350,350,SF,False,0,ShADadfF,16,1540,18,1644,(empty),
1421927443.49357,CeO8vUFIncbbNk2s6,5916603,11982,1491711267,6881,tcp,,1.94063,350,350,SF,False,0,ShADadfF,16,1540,18,1644,(empty),
1421927443.1816,CPYr1N2zRcXU6VlBNh,5916608,58965,1491711263,6881,tcp,,2.252611,350,350,SF,False,0,ShADadfF,16,1540,18,1644,(empty),
1421927443.56795,CKqscl4yZa5iGnZe54,5916600,33687,1491711266,6881,tcp,,1.873333,350,350,SF,False,0,ShADadfF,16,1540,18,1644,(empty),
1421927443.35395,CQvp3Q1BtOhuFa0QC2,5916605,18420,1491711269,6881,tcp,,2.096463,350,350,SF,False,0,ShADadfF,16,1540,18,1644,(empty),
1421927443.4011,C9Fi7H2C8xeRSnf0Ib,5916606,18817,1491711261,6881,tcp,,2.05644,350,350,SF,False,0,ShADadfF,16,1540,18,1644,(empty),
1421927443.30502,CO6uMe3y0Mpaxdlimh,5916609,1056,1491711263,6881,tcp,,2.152529,350,350,SF,False,0,ShADadfF,16,1540,18,1644,(empty),
1421927443.17788,CibJLz1dD8iYAOInR3,5916604,61990,1491711263,6881,tcp,,2.310086,350,350,SF,False,0,ShADadfF,16,1540,18,1644,(empty),
1421927443.35688,Cn4iE6gYTpsqbClVa,5916605,63289,1491711269,6881,tcp,,2.131108,350,350,SF,False,0,ShADadfF,16,1540,18,1644,(empty),
1421927443.17898,Co68Om17ZkLH1Hc3x2,5916604,60965,1491711263,6881,tcp,,2.322214,350,350,SF,False,0,ShADadfF,16,1540,18,1644,(empty),
1421927442.12194,C5HwCZ3Mr1ixjHmIOd,5916602,11836,1491711267,43783,tcp,,3.392,243,34321,SF,False,0,ShADadfF,80,4654,82,72914,(empty),
1421927443.35801,CcHPPA4IM2fPUFKw0b,5916605,20105,1491711269,6881,tcp,,2.157454,350,350,SF,False,0,ShADadfF,16,1540,18,1644,(empty),
1421927421.52162,C23DbIbbTTSnBE0U7,5916607,30731,1491711260,25229,tcp,,24.014034,235,24184,SF,False,0,ShADadfF,66,3910,66,51808,(empty),
1421927443.30687,CEuTKkBLW0MyOak8l,5916609,1981,1491711263,6881,tcp,,2.24539,350,350,SF,False,0,ShADadfF,16,1540,18,1644,(empty),
1421927414.8266,Cy3Q732wdV9BtSUvAb,5916601,41214,1491711266,10211,tcp,,30.733072,1596,756,SF,False,0,ShADadfF,28,4656,30,3080,(empty),
1421927443.47394,Co2bPb4q73o2JYv7,5916601,44379,1491711265,6881,tcp,,2.085744,350,350,SF,False,0,ShADadfF,16,1540,18,1644,(empty),
1421927443.30801,CCDPRz2ru3e5dcw0Ti,5916609,46853,1491711263,6881,tcp,,2.25251,350,350,SF,False,0,ShADadfF,16,1540,18,1644,(empty),
1421927443.47596,CsX4APlP5Uazlabte,5916601,39081,1491711265,6881,tcp,,2.099939,350,350,SF,False,0,ShADadfF,16,1540,18,1644,(empty),
1421927438.82187,CTGzjA4bEOES78WISe,5916608,13400,1491711268,5190,tcp,,6.755283,216,814,SF,False,0,ShADadfF,16,1272,18,2572,(empty),
1421927443.18493,CNwEV41Cpwjr9oc8v5,5916608,61926,1491711263,6881,tcp,,2.398705,350,350,SF,False,0,ShADadfF,16,1540,18,1644,(empty),
1421927443.23495,CqV5nA3pttBWrcn3Uf,5916608,1870,1491711264,6881,tcp,,2.356678,350,350,SF,False,0,ShADadfF,16,1540,18,1644,(empty),
1421927440.62192,Ctvzka3aFNldrYopni,5916602,35794,1491711261,53,udp,dns,0.001133,74,106,SF,False,0,Dd,2,130,2,162,(empty),
1421927443.28492,Cd7UpK2A0oS9LVphlk,5916606,54010,1491711260,6881,tcp,,2.342546,350,350,SF,False,0,ShADadfF,16,1540,18,1644,(empty),
1421927443.2779,CIKJZZ3nU2rTkbvFMd,5916603,35176,1491711267,6881,tcp,,2.3593,350,350,SF,False,0,ShADadfF,16,1540,18,1644,(empty),
1421927443.15617,CybLqH2NLqg3TEiLQg,5916608,20057,1491711264,6881,tcp,,2.483151,367,16107,SF,False,0,ShADadfF,30,2302,42,34406,(empty),
1421927443.13094,CUqT1x3Uv1AqYmFvV5,5916606,53097,1491711264,6881,tcp,,2.518432,367,16107,SF,False,0,ShADadfF,30,2302,42,34406,(empty),
1421927443.77509,CSoaJR2PDLTjDW3yMj,5916600,6062,1491711266,6881,tcp,,1.90012,350,350,SF,False,0,ShADadfF,16,1540,18,1644,(empty),
1421927443.11463,CZGNfQkCVHD1SGOh7,5916603,61521,1491711269,6881,tcp,,2.567331,367,16107,SF,False,0,ShADadfF,30,2302,42,34406,(empty),
1421927443.1754,CVAdzHG0L0vyCJOJ9,5916600,51815,1491711266,6881,tcp,,2.523206,367,16107,SF,False,0,ShADadfF,30,2302,42,34406,(empty),
1421927443.63495,C7PrxV1uAybhM6jJG1,5916606,62466,1491711267,6881,tcp,,2.071969,350,350,SF,False,0,ShADadfF,16,1540,18,1644,(empty),
1421927443.28089,CKTynC1aartuUEPFj1,5916603,14559,1491711267,6881,tcp,,2.432014,350,350,SF,False,0,ShADadfF,16,1540,18,1644,(empty),
1421927443.18083,CXuIhqcMh7DsAOeq9,5916604,26046,1491711263,6881,tcp,,2.539632,350,350,SF,False,0,ShADadfF,16,1540,18,1644,(empty),
1421927443.51794,Ccyvqo2igV3uzoA2kl,5916606,28529,1491711263,6881,tcp,,2.202699,350,350,SF,False,0,ShADadfF,16,1540,18,1644,(empty),
1421927443.44398,CAtOHg2CfWwTw0Mu5,5916603,36947,1491711267,6881,tcp,,2.280918,350,350,SF,False,0,ShADadfF,16,1540,18,1644,(empty),
1421927443.63816,CSL0rsnKFOwu9ZqI6,5916606,32302,1491711263,6881,tcp,,2.089035,350,350,SF,False,0,ShADadfF,16,1540,18,1644,(empty),
1421927443.45595,C2qGJa22XUNWyggv31,5916600,5818,1491711261,6881,tcp,,2.273582,350,350,SF,False,0,ShADadfF,16,1540,18,1644,(empty),
1421927443.49231,CTC5nc16tvr70WhmRg,5916603,35867,1491711267,6881,tcp,,2.237227,350,350,SF,False,0,ShADadfF,16,1540,18,1644,(empty),
1421927443.44397,COHcWY3lwuKWLbytdc,5916609,3701,1491711263,6881,tcp,,2.290221,350,350,SF,False,0,ShADadfF,16,1540,18,1644,(empty),
1421927443.26394,Cc6FDw2AvqNJOZUQRk,5916608,24847,1491711263,6881,tcp,,2.472962,350,350,SF,False,0,ShADadfF,16,1540,18,1644,(empty),
1421927443.8219,C8YdTE4iwpkKF1czxe,5916607,3138,1491711265,5190,tcp,,1.916312,216,814,SF,False,0,ShADadfF,16,1272,18,2572,(empty),
1421927443.26689,CI0lzJ2aNa1qR1S2r1,5916608,55361,1491711263,6881,tcp,,2.475305,350,350,SF,False,0,ShADadfF,16,1540,18,1644,(empty),
1421927443.60895,C2B3Hx2SfcSNWogSh1,5916606,47223,1491711263,6881,tcp,,2.133609,350,350,SF,False,0,ShADadfF,16,1540,18,1644,(empty),
1421927443.387,Ca4LK32r2JjvwsgeT,5916601,61845,1491711269,6881,tcp,,2.360379,350,350,SF,False,0,ShADadfF,16,1540,18,1644,(empty),
1421927443.69204,CdAPra27UimzmoCW9,5916605,36285,1491711266,6881,tcp,,2.076918,350,350,SF,False,0,ShADadfF,16,1540,18,1644,(empty),
1421927443.27894,CDtMel3WvArHeYGUxh,5916602,29634,1491711265,6881,tcp,,2.506556,350,350,SF,False,0,ShADadfF,16,1540,18,1644,(empty),
1421927443.2866,Co1diV14K1leyn7fI1,5916606,52849,1491711260,6881,tcp,,2.539374,350,350,SF,False,0,ShADadfF,16,1540,18,1644,(empty),
1421927443.52692,CJetdM1I1JJwgsLc9l,5916605,6525,1491711263,6881,tcp,,2.305563,350,350,SF,False,0,ShADadfF,16,1540,18,1644,(empty),
1421927419.682,CDPX4M3OX1EMy2rW8d,5916605,51022,1491711262,30318,tcp,,26.173507,1396,756,SF,False,0,ShADdafF,26,4152,28,2976,(empty),
1421927443.17518,CFEf063HUvb9qH6rci,5916604,60145,1491711263,6881,tcp,,2.694682,367,16107,SF,False,0,ShADadfF,30,2302,42,34406,(empty),
1421927420.52161,CR5KWc4DURBKFi2dmf,5916604,40650,1491711267,38455,tcp,,25.356884,235,24184,SF,False,0,ShADadfF,64,3806,66,51808,(empty),
1421927443.884,CVdWD71wW6zq71tD96,5916600,42898,1491711266,6881,tcp,,1.999818,350,350,SF,False,0,ShADadfF,16,1540,18,1644,(empty),
